Tenant,MallCount
STARBUCKS COFFEE,38
AIS,37
MK RESTAURANT,37
CAFE AMAZON,37
AUNTIE ANNE'S,37
WATSONS,37
KFC,37
IT BANANA,37
DAIRY QUEEN,36
BOOTS,36
SWENSEN'S,35
BIG CAMERA,35
SIAM COMMERCIAL BANK,34
TRUE,34
YAYOI,34
BANGKOK BANK,34
CROCS,33
JAYMART,33
SAMSUNG,33
BATA,32
POTATO CORNER,32
UNIQLO,32
S&P,32
SUPER SPORTS,32
POWER BUY,31
AURORA,31
GIORDANO,31
GOVERNMENT SAVINGS BANK,31
LYN,31
ADIDAS,31
FUJI,31
SHABUSHI,31
MISTER DONUT,30
YVES ROCHER,30
BAR-B-Q PLAZA,30
KASIKORN BANK,30
B2S,30
SKECHERS,30
ORIENTAL PRINCESS,30
HACHIBAN RAMEN,30
KRUNG THAI BANK,30
XIAOMI,29
SANTA FE' STEAK,29
BONCHON,29
BETTER VISION,29
TG FONE,29
JASPAL,29
CPS CHAPS,28
SIZZLER,28
OPPO,28
JIB,27
DAISO,27
DTAC,26
THE KLINIQUE,26
NITIPON CLINIC,26
CHATRAMUE,26
BANK OF AYUDHYA,26
SABINA,26
CC-OO,26
MOSHI MOSHI,26
EYE CLASS,25
KOI THE,25
LYN AROUND,25
TMB THANACHART BANK,25
FUKU MATCHA,24
JUBILEE DIAMOND,24
MC JEANS,24
BEAUTRIUM,23
THE PIZZA COMPANY,23
IT CITY,23
CHARLES & KEITH,22
FOOD PARK,22
OWNDAYS,21
AKA,21
VIVO,21
JELLY BUNNY,21
LEVI'S,21
PLAYBOY,20
THE FACE SHOP,20
ZEN JAPANESE RESTAURANT,20
AIIZ,20
CONVERSE,20
LAEM CHAROEN SEAFOOD,20
FITFLOP,20
OOTOYA,20
SE-ED,20
TOPS MARKET,19
YUEDPAO,19
OFFICEMATE,19
CUTE PRESS,19
LACOSTE,19
PRO CLEAN,19
STUDIO 7,19
ANELLO,18
HUAWEI,18
BOOST JUICE BAR,18
YAMAZAKI,18
BODY GLOVE,18
BAKE A WISH,18
KRISPY KREME,18
OLINO CREPE & TEA,18
MC DONALD'S,17
MINISO,17
PRADAP,17
FOCUS,17
CENTRAL DEPARTMENT STORE,17
KT OPTIC,17
KATSUYA,17
GANGNAM CLINIC,17
DILAVIE,16
PANDORA,16
ON THE TABLE,16
P&F,16
MR. DIY,16
TAYWIN ORIGINAL STYLE,15
PEPPER LUNCH,15
KRUNGSRI FIRST CHOICE,15
BANGKOK INSURANCE,15
P.A. PHONE,15
BEBE PHONE,15
THE NEXT,14
BANGKOK GOLDS,14
PREM,14
ROBINSON DEPARTMENT STORE,14
CHESTER'S,14
COCO ICHIBANYA,14
UOB XPRESS,14
OPTIC SQUARE,14
GAGA,14
BLACK CANYON COFFEE,13
CATH KIDSTON,13
ROMRAWIN CLINIC,13
TO B 1 HAIR STATION,13
GOVERNMENT HOUSING BANK,13
ASICS,13
UMAY PLUS,13
BATH & BODY WORKS,13
LAOS YUAN,13
APEX,13
HAVAIANAS,13
MO-MO-PARADISE,12
EXPORT SHOP,12
MIXUE,12
WRANGLER,12
POLI-CHEM,12
AEON,12
KAMU TEA,12
REALME,12
MAJOR CINEPLEX,12
SUKISHI,12
MUANG THAI LIFE ASSURANCE,12
UNITED OVERSEAS BANK,12
COLD STONE CREAMERY,11
POMELO,11
SF CINEMA,11
NEW BALANCE,11
ARI FOOTBALL,11
EYE LAB EXCLUSIVE,11
H&M,11
FUN CITY,11
SUSHIRO,11
BREADTALK,11
G-SHOCK CASIO,11
AFTER YOU,11
YAOWARAT KRUNGTHEP,11
ADVICE,11
BOON TONG KEE,10
WACOAL,10
URTHE,10
G-SHOCK,10
VANS,10
OISHI RAMEN,10
GARMIN,10
MUJI,10
WITH IT,10
YAMAHA MUSIC SCHOOL,10
SHU UEMURA,10
THE NORTH FACE,10
HIGH SCHOOL,10
PORNKASEM CLINIC,10
TOPS,10
NGG,10
TISCO BANK,9
CIMB THAI BANK,9
HUSH PUPPIES,9
TEVA,9
SWAROVSKI,9
LAO YUAN,9
OPTICAL 88,9
HUA SENG HONG,9
RIP CURL,9
BEAUTY BUFFET,9
SAMSONITE,9
MLB,9
FUTURE LIVING,9
UNDER ARMOUR,9
GQ,9
REMAX,9
WAGASHI,9
FILA,9
CUT & CURL,9
IPPUDO,9
YOSHINOYA,8
SHANE ENGLISH SCHOOL,8
AUTO1,8
FITNESS FIRST,8
COWAY,8
MATSUMOTO KIYOSHI,8
V SQUARE CLINIC,8
MANGO,8
TPARTNER,8
KIPLING,8
I CARE,8
QUINN,8
WHITE STORY,8
MOLTO,8
THAILAND POST OFFICE,8
NEW ERA,8
FRESH ME,8
NINETIES DESIGN,8
INNISFREE,8
SALAD FACTORY,8
MOTTA,8
DIAMOND FOR YOU,8
MATH TALENT BY DR. YING,7
RATCHANON,7
ECCO,7
INTHANIN COFFEE,7
LOOKER,7
CENTRAL FOOD HALL,7
BIRKENSTOCK,7
LEE,7
TUMRUBTHAI,7
KYO ROLL EN,7
MISTY MYNX,7
M LIFE,7
FOOD PATIO,7
I STUDIO,7
CSC,7
KUMPOON,7
SAINT ETOILE BY YAMAZAKI,7
CURIOO KIDS,7
DUCATI,7
CHAMPION,7
K. ACCESSORIES,7
NAI IN,7
NIKE,7
LEMONY,7
WARAPORN SALAPAO,7
ASIA BOOKS,7
HAAGEN-DAZS,7
YOGURUTO,7
GNC,7
MARIMEKKO,7
DYSON,6
GUESS,6
VICTORIA SECRET BEAUTY,6
SUNGLASS HUT,6
LUXOPTIC,6
COFFEE WORLD,6
THAI CREDIT BANK,6
ONITSUKA TIGER,6
BONJOUR,6
KEDS,6
REV RUNNR,6
GUY LAROCHE,6
BABIES GENIUS,6
WATTS,6
GUESS ACCESSORIES,6
RAVIPA,6
SAEMAEUL,6
ZEN,6
MOS BURGER,6
COACH,6
SLIM UP CENTER,6
G2000,6
SPAGHETTI FACTORY,6
AMAXS,6
SUKISHI CHARCOAL GRILL,6
PUMA,6
HAI DI LAO,6
TOMMY HILFIGER,6
YUGEN,6
ALDO,6
MUSIC COLLECTION,6
NOBICHA,6
ORIGANI,6
MAKOTO,5
THE VIRIYAH INSURANCE,5
PRONTO,5
TAYWIN,5
KIATNAKIN BANK,5
NICE TWO MEAT U,5
KAWAI MUSIC SCHOOL,5
CALVIN KLEIN,5
D'ARTE,5
MIHIMIHI,5
MR. SHAKE,5
INLINGUA,5
KRUNGTHAI BANK,5
DIOR,5
MARKS & SPENCER,5
AMOR,5
GENTLEWOMAN,5
LUXURY,5
BEARHOUSE,5
JOYLIDAY PLUS,5
COLUMBIA,5
THE TRAVEL STORE,5
ROYAL IVY REGATTA,5
MILLE,5
WALL STREET ENGLISH,5
TOPS DAILY,5
QQ DESSERT,5
UOB,5
SEPHORA,5
CHABUTON,5
DR. PONG,5
BANGKOK GOLD,5
JONES SALAD,5
CC DOUBLE O,5
DOLLAR BOUTIQUE,5
NOSE TEA,5
HONAJI RAMEN,5
SUPER RICH,5
WONDER PHOTO SHOP,5
KPN MUSIC ACADEMY,5
BAOJI,5
HARNN,5
DAVIE JONES,5
ANTA,5
FRED PERRY,5
GATEAUX HOUSE,5
KUB KAO KUB PLA,5
SABOTEN,5
เซ่งเฮง,5
PHATARAMANEE,5
ZEIN,5
THE ALLEY,5
NATURE,5
PAY BY P.A.PHONE,5
DJI,5
WATCH STATION,5
PIZZA HUT,4
SLC CLINIC,4
TAMNAK THONG 5,4
HANGTHONG WHANG TOH KANG YAOWARAJ,4
CRUZY,4
TENJO,4
NGG JEWELLERY,4
PRIMA DIAMOND,4
YUMEYA,4
ACE,4
IT GO,4
KIEHL'S,4
TTB BANK,4
GLASSAHOLIC,4
SIAM LASER CLINIC,4
PRANAKORN BOAT NOODLE,4
NIYOM JEANS,4
TENYA,4
E-QUIP,4
JIM THOMPSON,4
MEZZO COFFEE,4
ANASTASIA MIARAY,4
YOGURT LAND,4
CHER CLINIC,4
KHUNPOOM,4
CLICKROBOT,4
WANG TOA KANG YAOWARAT GOLD,4
KANSEI SUSHI,4
LENS & TIME,4
NOO YOO,4
AQUA COSMETICS,4
MIKI MIKI,4
MICHAEL KORS,4
LABX,4
TAG HEUER,4
BKK DIAMOND,4
KARMART,4
OPATRA,4
ARROW,4
DOSH (DESCENDANT OF SUPERHEROES),4
PET LOVER CENTRE,4
MAESRIRUEN,4
TISSOT,4
KIDZOOONA,4
AU BON PAIN,4
STRACK YUM,4
PAN CLINIC,4
GIORGIO ARMANI,4
LIVERPOOL,4
KRUNGSRI,4
ERIC KAYSER,4
EARW THAI SUKI BORAN,4
PUNTHAI COFFEE,4
YUM SAAP,4
X=ACT,4
KOI THÉ,4
ELEMENT 72,4
SUSHI DEN,4
TOMS,4
YAKINIKU LIKE,4
AES CLASS CLINIC,4
SAVE DRUG,4
INFINITY,4
YENLY YOURS,4
REGENT DIAMOND,4
ADORE,4
SUIT SELECT,4
MONTIPA,4
CLARINS,4
CLAY WORKS,4
SUKISHI KOREAN CHARCOAL GRILL,4
CURLY CUT,4
KAGONOYA,4
PAINT N PLAY,4
SUKIYA,4
PRIMA GOLD,4
KAWAI,4
IROHA RAMEN,4
SMILEYHOUND,4
RESTER,4
SUPERDRY,4
I CAN READ,4
ALL ABOUT YOU,4
SUPER RICH THAILAND,4
YOU & I SUKI,4
THE BODY SHOP,4
BLACK PEARL,4
REEBOK,4
MINE,4
HAIR D' CRAFT,4
TG EXPRESS,4
OISHI EATERIUM,3
MELODY KARAOKE,3
ก๋วยเตี๋ยวเรือพระนคร,3
STRAWBERRY CLUB,3
BP WORLD,3
V2LAND,3
BRATPACK,3
PADTHAIHOYTODSIAMUMPAVA,3
WESTERN UNION,3
YODCHA,3
GLO,3
LAND AND HOUSE BANK,3
JING JAI MARKET,3
OISHI BUFFET,3
GUSS DAMN GOOD,3
LITTLE REDFOX,3
DICKIES,3
U DIAMOND,3
MR. BAG FIX,3
KARUN THAI TEA,3
ASA SERVICE,3
L'OCCITANE,3
JACOB,3
KIKO MILANO,3
RADO,3
MX CAKES & BAKERY,3
LAGRACE CLINIC,3
KOOMI,3
BANGKOK TIME CENTER,3
ZOOM CAMERA,3
HEAVY,3
SUUNTO,3
LUKFOOK JEWELLERY,3
KATE SPADE,3
SUSHI PLUS,3
KUMON,3
TIMBERLAND,3
DIESEL,3
ROSE JEWELRY STUDIO,3
VICTORINOX,3
OUTDOOR BOTANICA BY ELEMENT 72,3
AVOCADO,3
COS MARCHE,3
BONAGE,3
MANCHESTER,3
SUBWAY,3
BOSSINI,3
UMM!..MILK,3
TP TEA,3
PHUNGNOI BAKERY,3
O&B,3
CARNIVAL,3
ROYAL IVY REGATTA NEW ENGLAND,3
ICARE,3
AI-CHA,3
PROVINCIAL ELECTRICITY AUTHORITY,3
KEEN,3
BOOMERANG,3
PULL & BEAR,3
3BB,3
BIG C,3
BATH&BLOOM,3
TELEWIZ,3
COLOUR NAIL,3
425 DEGREE,3
LUCKY MILK,3
JACK RUSSEL,3
TONG GARDEN,3
CHONGDEE TEAHOUSE,3
BEN'S COOKIES,3
BAAN YING CAFE & MEAL,3
MIKUCHA,3
KAREN,3
RUENNAMPRIK,3
PROMISE,3
SIAMAUMPAWA,3
CAMPER,3
MERIDA CLINIC,3
C&D,3
KEDMA,3
KOFUKU,3
SWATCH,3
SKYLUCK,3
SAINT CROISSANT,3
GUCCI,3
ANANTA,3
ISTUDIO BY COPPERWIRED,3
LIVIA,3
ASUS,3
CHANEL,3
SPIN,3
JETTS 24 HOUR FITNESS,3
TOPS FOOD HALL,3
SATO DON,3
GIVENCHY,3
RUE ROYALE,3
THE ADJECTIVE,3
CITY CHAIN,3
B SA B,3
SHICHIDA,3
THONGSUAY,3
NARAYA,3
MA CHANDELLE,3
WASH ME,3
A'MAZE,3
ONGSA MOBILE,3
JOOM ZAP HUT/BAR B Q,3
LEGO CERTIFIED STORE,3
MIDO,3
HONOR,3
LONGINES,3
THE VOLCANO,3
ห้างทองหวังโต๊ะกังเยาวราช,3
BAIMIANG,3
PLOYRADA CLINIC,3
GARRETT POPCORN SHOPS,3
DAKS,3
RED SUN,3
T-PARTNER,3
ORANGINAL,3
FERRAGAMO,3
MAC,3
AKALIKO,3
KHAMOOJAKKAPAD,3
ZARA,3
JOYLIDAY,3
COCCINELLE,3
FOREVER FLAWLESS,3
POLO RALPH LAUREN,3
SEIKO,3
RARDNALUNGHOITIENLAO,3
LH BANK,3
KENNETH COLE,3
TORY BURCH,3
SOMTAM NUA,3
EP,3
EASY BUDDY,3
OCHAYA,3
SOUND CHECK KARAOKE,3
BEARD PAPA'S,3
MERREZ'CA,3
KIKI BABY,3
TOKYO SWEETS,3
ECC LANGUAGE INSTITUTE,3
MAMA BABY,3
OPPO SERVICE,3
AMERICAN EAGLE OUTFITTERS,3
LOOKCHINTHIP,3
MAKALIN CLINIC,3
PIERRE CARDIN,3
NAIL CLUB,3
BLOOMING HOUSE,3
KOBE STEAK HOUSE,3
SMILE SEASONS DENTAL CLINIC,2
NIKE FACTORY STORE,2
DANIEL WELLINGTON,2
DREAME,2
YSL,2
CHAPAYOM,2
TADA,2
KENZO,2
PASSPORT CENTER,2
MAGNANO,2
JOHN LANGFORD,2
TIME ZONE,2
ห้างทองเยาวราชกรุงเทพ,2
CLINIQUE,2
O.W.L.,2
AVEDA,2
THE LITTLE GYM,2
MOPLAY,2
PRIMA,2
DANCE PLUS,2
JAPARA,2
RALPH LAUREN,2
SF BRAND NAME,2
KHAO KHAICHIAO SONGKHRUEANG,2
LUCKY,2
TUMMOUR EXPRESS,2
SHISEIDO,2
STRAW FACTORY,2
PLAY SOUND,2
EYE LEVEL,2
TONKATSU WAKO,2
CHIVAROME,2
PRANAKORN NOODLE,2
YAAK SHOP,2
KUAI CHAP SAM THUM,2
JAMBA JUICE,2
NESPRESSO,2
MANTENDO,2
COVERMARK,2
THIRTY LOVE,2
MINIMELTS,2
SFX CINEMA,2
BEVERLY HILLS POLO CLUB,2
ISSEY MIYAKE,2
HASUL,2
CHATERAISE,2
ALBA,2
THANK YOU CUP,2
SUNRISE TACOS,2
KRUNGSRI BANK,2
KANE,2
KIDS ZONE,2
ZLEEP SLEEP,2
KHRUA PHRIK SOT,2
OWL CHA,2
SUSHI HIRO,2
DAVIDOFF,2
BUNNY SHAKE,2
MODULO,2
YAMADAYA,2
T-KITCHEN,2
YOLE,2
GLOBLEX SECURITIES,2
BABYBOTTE,2
MONOWHEEL,2
BOSE,2
ELEMIS,2
BUJEONG CLINIC,2
CHEESY FRIED SNACKS,2
BFF,2
HOURGLASS,2
GOVERNMENT COUNTER SERVICE,2
LANEIGE,2
ZHANGLIANG MALATANG,2
DR. SMOOTH LIFE,2
MISTER EYES,2
7TH STREET,2
ONCE UPON A TIME,2
BB BEYOND D-BOX,2
LIKE DENTAL CLINIC,2
RAJDHEVEE CLINIC,2
TOKUYO,2
TIEWRUASAOWAREE,2
MASSAGE CHAIR NXN,2
PACO RABANNE,2
PANKAN,2
SULWHASOO,2
MADAME HENG,2
DIN TAI FUNG,2
LEE WRANGLER,2
PALFISH CLASS,2
SUGAR MONDAY,2
DAPPER,2
PAOPA,2
GOPRO,2
DE PRECO,2
BANDAI,2
I CONNECT,2
STYLE BALA SHOP,2
YOMIE'S RICE X YOGURT,2
MATCHBOX,2
KISS ME DOLL,2
TIME CARE SHOP,2
ROBOROCK,2
ROBOTHINK,2
BEANS COFFEE ROASTER,2
CAROLINA HERRERA,2
JOJI SECRET YOUNG,2
PHONPASSTRA,2
CHALACHOL,2
FOSSIL,2
BARON'S BAR BY THE CHEESE BARON,2
SALOMON,2
BRAIN SCHOOL,2
PANG SIAM,2
ON,2
LA PRAIRIE,2
VERRA,2
ERGOTREND,2
V SQUARE,2
HEALTH UP,2
BIG MAC DIGITAL PRINTING,2
KUMO CREATIVE STUDIO BY CLAYWORKS,2
NYLA,2
LUSH FRESH HANDMADE COSMETICS,2
GUERLAIN,2
HERMES,2
NATURALIZER,2
MELISSA CLUBE,2
TALIA,2
URANUS CLINIC,2
NARS,2
EAT AM ARE,2
VALUE PLUS CURRENCY EXCHANGE,2
LUMINOX,2
WAKASHI,2
GELATE,2
TOKYO OPTIC,2
DAKASHI,2
ORIENTAL JEWELRY & GOLD,2
LANCOME,2
ITALASIA,2
TUMI,2
BROWN CAFE,2
PAN KHAM HOM,2
GLAMOR,2
THONG SMITH,2
KHIANG,2
HOMEBOY,2
HOOPS STATION,2
GOLD MASTER,2
K LOVE PHONE,2
SISLEY,2
APPLE SHEEP,2
PANPURI,2
AURA BANGKOK CLINIC,2
BABY GIFT,2
UOB BANK,2
HOUSE OF SHOES BY HEAVY SHOES,2
FLASH EXPRESS,2
CANTEEN,2
LAMY,2
THREE,2
VIVO SERVICE,2
THE ICON,2
ZAAB ELI,2
JOURNAL,2
TUM MOUR,2
ALBEDO,2
GORILLA,2
LETAO,2
METICULOUS,2
ROYAL SPA,2
CENTRAL POST,2
ROOKIE USA,2
KAITHONG,2
GRAZIOSA DIAMOND,2
HONMONO,2
เตี๋ยวเรือเสาวรีย์,2
BUN,2
GOVERNMENT SERVICE POINT,2
MONTBLANC,2
SCHOLL,2
TWENTY SEVEN,2
NOODLE GARDEN,2
I SMART,2
ESP,2
CHARLOTTE TILBURY,2
KEY & SHOES SERVICE,2
MODERN AIR,2
SOURI,2
QUIKSILVER,2
RIVERSIDE MALA,2
LUSH,2
ELEMENTS,2
WAKINGBEE,2
DEVES INSURANCE,2
BUTTERFLY THAI PERFUME,2
CHOI'S TAEKWONDO,2
WASHI,2
VERSACE,2
FURLA,2
MATSUKIYO,2
SUSHI EXPRESS,2
CHUNN,2
CHILLING STYLE,2
BILLIONAIRE,2
BURBERRY,2
BOWCAKE,2
JURLIQUE,2
KANEBO,2
SUSHI RICHA,2
CHABA NAILS & BROWS,2
PLAIN PLAIN BY NOI,2
ON RUNNING,2
BAAN ICE,2
ATMOS,2
JO MALONE,2
SUGAR FAMILY,2
TTB,2
DEFRY 01,2
PROMAN,2
ZELYN,2
SILHOUETTE,2
KUAYJUBSAMTOOM,2
ISTUDIO BY SPVI,2
TAKEO KIKUCHI,2
KA-NOM,2
HI-SHIELD,2
GEOX,2
CASIO,2
MAMIL,2
PASAYA,2
URBAN AKTIV,2
ESPADA,2
RNG,2
BANGKOK DANCE ACADEMY,2
I SHOP,2
GIZMO,2
PIM @ POST,2
SIAM RAMA III MUSIC SCHOOL,2
PRIME BURGER THAILAND,2
EASY MONEY SHOP,2
KHONG KWAN CLINIC,2
MEMORIZE BROWNIE,2
SUSHI SEKI,2
AT BED,2
ALTO COFFEE ROASTERS,2
ICECREAMMAHACHAI,2
PENDULUM,2
VOCALIZE,2
JIENG FISH BALL,2
HAIR @ NAIL,2
EARDOTS,2
LASSIE DECOR,2
KRUNGSRI FRIST CHOICE,2
KMD,2
TIMBUK2,2
BLANC EYELASH SALON TOKYO,2
CYBORG KONG,2
FOUR SEASONS,2
SCOTT JUMP,2
ABC COOKING STUDIO,2
PERFECT 10,2
KUAY TIEW JEANG LOOK CHIN PLA,2
PETCLUB,2
SECRET RECIPE,2
DOCTOR LIFE,2
SPARSHA SLIMMING CENTER,2
CPS COFFEE,2
SUPERB BRANDNAME,2
CAGGIONI,2
SHOE STORY,2
SEACRET,2
NAIL IT,2
DOUBLE GOOSE,2
DOLCE GABBANA,2
DAKGALBI,2
HITORI SHABU,2
MILK KIDS SALON & NAILS,2
COOL LIVING,2
MOMIZU HOUSE,2
PAVEMENT,2
SAINT ETOILE,2
MIYAZAKI,2
HAOLE,2
SKINNY SPOON,2
ORIGINS,2
KWANG THONG SPECIAL,2
BIOTHERM,2
DELSEY,2
AKIMITSU TENDON,2
JUST IN CASE,2
INTRENDMALL,2
FAIRTEX,2
BABY BASKET,2
PAUL SMITH,2
RE-IT,2
HIT GALLERIA,2
KHANOM JEEN BANGKOK,2
ESPRIT,2
MAURICE LACROIX,2
BREO,2
HARBORLAND,2
ไปรษณีย์ไทย,2
CHERILON,2
ZHANG LIANG,2
ESTEE LAUDER,2
OCEAN HEROES,2
MOSCHINO,2
PARIN GEMS,2
OH! RICH,2
U CARE,2
QUALITY KIDS,2
SEECHA,2
OSIM,2
AZABU SABO,2
REVLON,2
ISTUDIO,2
POLICE,2
CLICK CLACK,2
MCM,2
OOFOS,2
GOOD GOODS,2
BUTTER SCOTCH,2
BANILA CO.,2
THE BIBIMBAB,2
MANDARIN,2
OTTERI,2
CHEEVIT CHEEVA,2
DESTINY CLINIC,2
ELLE,2
REUNROM,2
ROXY,2
JIAN CHA TEA,2
MLAB,2
LESPORTSAC,2
BSC,2
ช่างคอมใจดี,2
ORIS,2
SHINKANZEN SUSHI,2
WHANGTOHKANG,2
HOKA,2
LE COQ SPORTIF,2
BAN PAI MY PRINTING,2
A MONEY,2
DC,2
KARL LAGERFELD,2
SQUEEZE BY TIPCO,2
NARCISO RODRIGUEZ,2
AGLAM,2
I SERVICE,2
KIDDY LAND,2
FIXI FOOT,2
THAI DENMARK,2
THE SKIN DOCTORS,2
ZAPLAI,2
ATM TEA BAR,2
SOUTHERN COFFEE,2
LAURA MERCIER,2
MR.JOLLY YOGURT,2
BABY HILLS,2
YUZU SUKI,2
BOBBI BROWN,2
RITUALS,2
ROYAL PROJECT FOUNDATION,2
PASTEL MAGIC,2
GLOBAL ART,2
DOLCE GELATINO,2
ANNE KLEIN,2
SOS,2
COPEL,2
FIRE TIGER BY SEOULCIAL CLUB,2
NATIVE,2
GINTELL,2
SSAMTHING TOGETHER,2
JIMMY CHOO,2
DRAGCURA,2
THE SIS CLINIC,2
SENGHENG,2
MK LIVE,2
VICTORIA'S SECRET,2
PLAYSOUND,2
HAMILTON,2
PACAMARA,2
BEYOND THE VINES,2
FUN STATION,2
TOM FORD BEAUTY,2
JOHN HENRY,2
T.TIME,2
XIAO FUWANG,2
MIU MIU,2
RUBBER SOUL,2
FOTO FILE,2
MAITREECHIT,2
HUGO BOSS,2
CITIZEN,2
YOUR FACE,2
KOSE,2
ELEPH,2
PET 'N ME,2
BAAN CAKE BY NUNAN,2
MAISEN,2
OISHI BIZTORO,2
MAISON BERGER PARIS,2
LITTLE CHOUX,2
CARLABEROTTI,2
AX ARMANI EXCHANGE,2
HONGMIN,2
BOTANIFIQUE,2
PENG GEE,2
ERGO,2
THE HAIR CARE'S,2
TOT,2
PEWDEE CLINIC,2
SAYAM KINRI,2
GOVERNMENT CENTER,2
NAUTICA,2
TEDDY HOUSE,2
COFFEE TODAY,2
ETUDE,1
GIFT HOUSE,1
KAMIMURA,1
P PHONE,1
MAMA SERVICE,1
PHANNEEMOOPING,1
MAKOTO & MR.ROBOT,1
MT. SAPOLA,1
GENTLEWOMEN,1
ECLIPSE,1
EVERSEOUL,1
ESCENT VILLE,1
TAN KUN,1
PHA RUAI,1
คัตสึ มิโดริ,1
BIG BASIL TRAY,1
MEMBER CUTS,1
SENSE BY SOS,1
ZABBE BYE CAT,1
BLOSSOM NAILS,1
LEILA,1
RUMRUAY CHICKEN NOODLE,1
SARIN,1
ME DESIGN CASE,1
VIVE PERFUME,1
TUCK PAD KAPHRAO TRAY GIANT,1
HAPPY PIG,1
MONDAINE,1
ALMOND,1
LONGRAKPHATHAI BY NAMTHIP,1
HAPPY HOME ACADEMY,1
EXCELLENCY,1
SONG SENG HENG YAOWARAJ,1
MAJIME,1
PETCH TANA,1
P&N SOCK,1
HAAB,1
BUMBLEBEE CAFE,1
RED CROISSANT,1
DEBLU HEALTHY WALK,1
BANGKOK NAIL,1
เซ็งซิมอี้ ลือลั่นสะท้านโลกันต์,1
YOU NAILED IT,1
DORTMUEND,1
SKATE PROPLUS,1
RADNALANGHOYTIENLAO,1
MORA,1
SENG HEGN,1
GOVERNMENT SERVICES,1
D&D MOBILE,1
MTS GOLD แม่ทองสุก,1
KUAYTEAWRUERAYONG,1
YAM ZAPP LANG BAENG,1
EASY LAUNDRY,1
XLARGE,1
VIRGIN ACTIVE HEALTH CLUBS,1
MR.GAO,1
SONG FA BAK KUT TEH,1
BLANC EYELASH SALON,1
YAMAMORI WAFFLE,1
S&B SUDITO PHONE,1
NOOYOO,1
MANY YEARS,1
DRAGON X,1
NATIONAL TELECOM,1
GO!WOW,1
HALPER CHICK,1
NAMI DESSERT & COFFEE,1
MONTOOKMED,1
NAAMKAENGSAIPURSUKKAPAP,1
POLOTRAVEL CLUB,1
SFERA,1
EGG OPTICAL BOUTIQUE,1
KHUNMAEJU,1
DEFUNC HOME,1
TACHA,1
HATO PET WELLNESS CENTER,1
COTTON ON,1
J&D MOBILE SERVICE,1
PECTH PLOY MANEE PHAN,1
MUJOSH,1
PORTLAND,1
SINCHAROON,1
CAT TELECOM,1
KING CHIEF,1
AUNWAYENTAFO,1
EGG STORY @ PHUKET,1
ASIA GOLD,1
DREAMDESK,1
KAOMUNKAIROONGSEANG,1
ICEBATUABC.,1
SUKOY,1
CRISPY CREPES X UME'CHA,1
TUMNHAKAO,1
OHHOMAPRAOPONNOMSOD,1
NANPHRIK CHAKKRAPHAT,1
PUNGKI KUAY TEAW RUEA,1
SODA ECO,1
OMU,1
MIDNIGHT KAI TON PRATU NAM,1
คลินิก โรงพยาบาลอุดรธานี,1
I BEAT,1
PRO EXTRA TIME,1
CHUAN CHIM,1
DIVANA SIGNATURE,1
GALAXY SHOP,1
BLUESTEAKHOUSE,1
YAOWARAT FISH MAW,1
YAK KRA PHRAO THAT,1
TRSC FAMILY EYE & VISION CLINIC,1
SINET,1
MINIMAL COFFEE,1
TOON CHA BOOM,1
CHOUNAN,1
FREDERIC HAIR DESIGN,1
SOLSOT,1
BOY LONDON,1
MERY STUDIO,1
SUMMERLOVE AND CO,1
WG,1
225,1
LUKCHIN PING BORAN,1
EYELINK OPTIC,1
THE EXCLUSIVEPLUS CLINIC,1
KUAYTEAW CHAAIKLONGHONGNIGHT,1
D&D,1
S.B. DESIGN SQUARE,1
BEYOND FITNESS,1
TOP CHAROEN,1
BANG NUN TEA,1
BLOOD DONATION ROOM MAHARAT NAKHONRATCHASIMA HOSPITAL,1
UNG HENG LEE GOLD,1
HASGUARD,1
TRUST UNITED CLINIC,1
HEALTHY FACE CLINIC,1
EUCERIN,1
BOXXY TOYS,1
JEWEL CAFE,1
I SEE T,1
LOCK SMIT SERVICE,1
KUAYTIEWRUERENMOOTUNBYNONGFAH,1
KHAOMONKAIRUNGSAD,1
HELLO HEEL,1
KUAI CHAP NAKHON LUANG,1
AONG-SA MOBILE,1
HUG TECH,1
OSAKA,1
REBECCA LIMS,1
J&J,1
CLAUDIA & DAVIS,1
JOE MOBILE,1
GRAND IT,1
GRUMPY,1
IMAROI,1
THAI-DENMARK MILK SHOP,1
PETCH KANCHANA,1
OTOP,1
YUZU HOUSE BY HONEY MONI,1
KAYAJIT,1
MAJOR CINEXPLEX,1
TT ON MOBILE,1
ENT,1
TOM LURD MOO ROT DET,1
HUA SENG HONG DIMSUM,1
ONION,1
BOONTAWEE,1
HUG MOBILE,1
NAPA,1
KIDDY WORLD,1
BABIE GENIUS,1
NUNUH,1
SECRET NO.9,1
KOKHAIMUN,1
ROAV,1
CHARRIOL,1
TELEWIZ PLUS,1
KONCEPT FURNITURE,1
NEXT GEN BARBER CLUB,1
OTTERI WASH & DRY,1
VANESZA CLINIC,1
MONKEY MEAL,1
ZAB ZEED TEAW TOM YUM,1
THE PARROT,1
OLDMAN,1
PAPILLON PARFUM,1
CREPE SAI TAEK BY FON,1
SUT TANG RAK,1
KONGKA FURNITURE,1
SAFETY JOGGER,1
SANTA MONICA DINER - MEDITERRANEAN AND CALIFORNIAN,1
ANDREW BROWN,1
TUTOR HOUSE,1
RUBI,1
KIKI SARU,1
MAD ABOUT JUICE,1
IMAGE OPTICAL,1
MAE ME KWAO SOI,1
HEDGREN,1
QUEENSWAY,1
HOKKAIDO BAKED CHEESE TART/ SECRET RECIPE,1
PANDA LAND,1
MOBILE ONE,1
ไร่กาแฟขี้ชะมด BLUEGOLD,1
SNOOWING,1
UNGARO,1
SIRINYA KANPIM,1
AFTER SHOKZ,1
PORTO HOUSE BY RIDER CAFÉ,1
MC JEAN,1
BAREHARE,1
DEVY,1
BMA EXPRESS SERVICE,1
MONGNI CAFÉ,1
ROLEX AT CORTINA WATCH,1
TANK STORE,1
FARM CHOKCHAI,1
CHOK TOM LUEATMU,1
PHIN RIM KHONG,1
ROLEX AT NAMSAWANG,1
BOSSTIME,1
KANOMJEENTHAILAO,1
SMART TRAVEL,1
MAX & CO.,1
KAYIM COFFEE ROASTER,1
OUTLET24,1
โรงเรียนพัฒนาและเสริมสร้างศักยภาพทางสมอง เซ็นทรัลเวสต์วิลล์,1
TOM LAY CUT PROFESSIONAL,1
LG,1
RACHAKUAYTEAWPED,1
LA MEAW,1
HYBRID,1
BB MOVE,1
LYN BEAUTY,1
MULBERRY,1
KRUAKONKORN,1
ลืมต้น,1
TONKATSU AOKI,1
THE CLOZET,1
CHALEESTEAK,1
ERGO TREND,1
WARDROBE MINISTRY,1
DT BKK,1
PANSY,1
MIRABEL SKIN CLINIC,1
GPR,1
THULE,1
ZEGNA,1
DANIEL HECHTER,1
เกรซ เฟเชียล เอสเธติก,1
ANGELINO RUFOLO,1
MAKE ME MANGO,1
KA MOO HONG TAY,1
ABC THE BABY,1
HIVE SALON & CAFE,1
KASH JOY,1
DENMAN,1
ANITA,1
FORDNOK,1
LUKCHIN NAM SAI,1
DUANG SADTREE,1
IMPRESS HAIR SALON,1
AMADKUAYTEAWISLAM,1
S MOBILE,1
ลูกก๊อ,1
ตุนท์ชาบูม,1
GIANTCREPESBYPANID,1
IRON PAN,1
หลงใหล,1
VIORA,1
MORI CUT,1
TA PAE TOM YUM NOODLE,1
NESCAFE STREET CAFÉ',1
TAROTO,1
PAPAYA,1
LIM LAO NGOW ORIGINAL,1
WUAGYU,1
BILIX,1
PHUTAWAN,1
MIRA,1
HARBINGER,1
NAIL LOVER VIP,1
LA MEOW MALA,1
XING FU TANG THAILAND BUBBLE TEA,1
KHAO JAAN-PROD,1
THE ART WEDDING,1
VACRAZY,1
LET'S MANDARIN,1
SEOULCHON,1
CIMB,1
ODC DENTAL CLINIC,1
DAENG NAMNUANG,1
KARAOKE FANTASY,1
ELLE HOMME,1
BHC CHICKEN,1
KHAMOOTROKSUNG,1
HOKKAIDO SOFTKREAM,1
SP MOBILE,1
JAS SOFA GALLERY,1
WORLDWIDE EDUCATION,1
KHA MU CHAK PHANRA,1
TIEWKHUNCAI,1
PUCREPE,1
SHOKZ,1
THE BEST BY SUPRANEE,1
2WIN,1
เนื้อคู่,1
REV RUNNER,1
EVERSINCE,1
HONG TE PET YANG HAISO,1
ตำโคราช,1
SUPER KANG HED,1
MOTTA X MONTIPA,1
PARKER,1
CHICKEN THIP CHANG STEWED NOODLE,1
KYODAI,1
CLASSIC SHOP,1
SHABU JUNG,1
FOOD REPUBLIC,1
ELIE SAAB,1
PADTHAI HOYTODMAEKHRUEWAN,1
LEAPP,1
KAAOSOILUMDUANFARHAAMCHANGMAI,1
YKC VISA SERVICE CENTER,1
S&S TIME SERVICE,1
PHOENIX LAVA,1
YADA AESTHETIC CLINIC,1
OH RICH THAILAND,1
CHONGJAROEN,1
O-KA-SHI,1
HIS&HER LINGERIE,1
PARIS HEALTH & WELLNESS,1
SAJJAPORN,1
NATCHA,1
MAE THONGSUK,1
I FIXER,1
FREDERIQUE CONSTANT,1
GRAND DIAMOND,1
BS BRANDNAME,1
SPARKLE NAIL SPA,1
THE ESQUIRE BARBER CLUB,1
เก้าอี้นวด LEMO,1
M&Y MOBILE,1
FANTUAN,1
SEECHA OIL PERFUME,1
THE EDITOR'S MARKET,1
BANANA SOLAR,1
TOY R US,1
ซาลาเปา โกอ้วน,1
21 BY AOOM,1
LOFT 81,1
D'FINE,1
PICHAYA,1
KHAOMANKAI NAKHON LUANG,1
AUGUST TOYS,1
ASIA BOOK,1
IT'S SKIN,1
KETY SMILE,1
CAMIN CUISINE & CAFE,1
YUM NUA,1
EXCLUSIVE MOBILE,1
YOUANDME BY SINGTO,1
WET BRUSH,1
KG18,1
CHILLI CHIC,1
HLA,1
JAY CHIU,1
SMILEY,1
7TH STREET BAR&BISTRO,1
PETCH PRADUP PLOY 1995,1
LUERJAI,1
AQUAFLASK,1
MAE YAII BOAT NOODLE,1
KRO TRON,1
เบิร์นบุษบา,1
MOUTEA TOTAE,1
MALDIVES,1
PETCHPLOYGEMS,1
SUNNIES,1
P@T IT SERVICE,1
TAN POR SALAPAO,1
PADTHAIPANHIN,1
CRUZY THAILAND,1
ครัวบางนา,1
M.A.C,1
GRUNG GAO GUAY TIEW RUEA,1
ARINASOMPAN,1
COBALT,1
KODAK PHOTO,1
MIROR MIROR,1
NANOLEAF,1
โรงเรียนสอนภาษาจงไทยทอง,1
LUNGHOITIENLAO,1
FOOTWEAR BY DAPPER,1
ANANTRA,1
NAILS&TOES,1
FONG FAB LAUNDRY & DRYCLEAN,1
MAESREE,1
ARGO,1
SPARSHA MEDICA,1
NAITOR PADTHAIHOITOD,1
KUAYJUBMORDINDAMNOENSADUAK,1
FIX & WASH,1
BERWICK,1
SHOOWY,1
BINCHO,1
SENSE OF BEAUTY,1
ANNA FASHION,1
BANANA RUN,1
NANA COFFEE ROASTERS,1
MAMSA STONE,1
NAYLAMOMKATARON BY TUKTUKCAFE,1
GUAY TIEOW REUA RA YONG,1
DOTLIFE,1
SAMSONITE BLACK LABEL,1
LASH LADY,1
WOULD YOU LOVE IT,1
JUBILEE & FOREVERMARK,1
BEAR HOUSE,1
KAMOOJAKAPAK,1
KUAITIEWTOMYUMOCHA,1
KANOM BANN AYAKARN,1
SAISON DU SOLEIL BY YAMAZAKI,1
KUNGGRAW PHONE,1
MA LA AROI SA,1
TECHNOCOM,1
AT EGG JAEW TORJAN,1
AB INTER SERVICE,1
KIEW KAI KA,1
CHEEVA SOM RETREAT,1
BEYOND SMILE DENTAL CLINIC,1
PHOENIX,1
MARIO LAND,1
CHAKHEYWDI,1
ORTHO SMILE CENTRAL STUDIO,1
GUAY DTIEOW NEUA DTUN,1
MLK,1
BSAB,1
ANOTHER WAY WE SPEAK,1
ELVIRA,1
BIGTOKYO BY COCOABAR,1
ORBIS,1
SIL,1
SAYLUCK,1
DOPPIO,1
GEAIHOMUY,1
CLOUD 9,1
RAK ROI,1
MORTIMER,1
KIATNAKINPHATRA BANK,1
"TOYS ""R"" US",1
LAOYUANBYTUMMUA,1
HASHTAG956,1
AROI BY APP,1
OISHI GRAND,1
TAEKWONDO ACADEMY,1
HAIR DÉCOR,1
HERSCHEL,1
THE HASS BISTRO,1
VALDUS CLINIC,1
EVERBEST,1
TT. MOBILE,1
CHILLI THAI RESTAURANT,1
KA PHOW THAD,1
KOBE STEAK,1
TWINMADE,1
KEX EXPRESS,1
MODOLO KIDS,1
@ NAIL,1
BUNGU,1
PRAM,1
YO TA FEN BY KHRUA PHRIK SOT,1
ORIVE JEWELRY,1
SANPO FISHERIES,1
TIMEX,1
ALEXANDER MCQUEEN,1
GOVERMENT SERVICE CENTER,1
CEN SPACE,1
LENG..YOKLOR,1
THE OPTICAL BY SRITHONG,1
HAIR GANIC,1
RACHATA,1
WORLD TIME,1
KOKO,1
GADGET,1
IDEVICE SELECTION,1
FUSION,1
PHONE PHONE,1
COSCEN,1
GUSS DAM GOOD,1
PADTHAICHAOWANGTAWANDA,1
THE COFFEE ACADEMICS,1
I-GENIUS KIDS,1
BELLISSIMO,1
NAMPHRIK MAE NUAM DON WAI,1
PLAYWORKS,1
SMILE MOBIE SHOP,1
B-QUIK,1
SOMTAMPAAOUN,1
GAZE,1
STAR MAKER,1
QUIKSILVER ROXY DC,1
YIM BY SMILE PHONE,1
MUSIC CONCEPT,1
U-MAY PLUS,1
SWEET XODA,1
MARC JACOBS,1
RYUJIN SUSHI,1
MANGO SIX CLOTHING,1
7-ELEVEN,1
KHONGWHAN MAEJUNSOM,1
CHARIOT,1
PANDALOOKCHINPLARABERD,1
CALBEE KAITSUKA,1
CHOKDEE LOTTERY,1
G H BANK,1
EXPERT,1
SAM ROT YENTAFO BANBUENG,1
LUNA,1
YIMWHAN DENTAL CLINIC,1
ROBOT'S CHILD,1
BLUE COFFEE,1
PRIVE,1
BAGNIFIQUE,1
FRENCH KITSCH CAFE' PROJECT,1
CN WONDERLAND,1
LITTLE HONGKONG,1
JAMES KEY SERVICE,1
PRINCESS NAIL,1
ETACHA,1
KHAHMUSENTHLUY,1
HONGDAE STATION,1
COUNTER AUMPERYIM,1
PANDA KING,1
MEGA HARBORLAND,1
LONG JOHN SILVER'S,1
KAOSOICHIANGMAI,1
BANGKOK BOLD,1
NATAPOHN THAI DESSERT,1
PROSTAR ACADEMY,1
LUXURY29,1
VIVO EFFECTIVE,1
INTOYS,1
AMIDA CHUANCHIM,1
SOFAS,1
QUICK PRINT,1
OBAGI MEDICAL,1
MASERATI,1
FON MOBILE,1
CHANTHABURI HALL,1
CHILL PARK,1
SUGARLESS,1
HOT POT BUFFET,1
ASA,1
B.S.GEMS,1
BANANA VISION,1
LTD,1
BENEFIT,1
SABO SABO,1
MR.BIG PILLOW,1
PRO GADGETS,1
REUN ROM,1
แทนรัก,1
MAE NUN MU TUN,1
BLOOMING CAFÉ,1
KING'S COLLEGE,1
OKLS,1
DELA PREETI CLINIC,1
JIENG LOOK CHIN PLA+KANOM-JEEN-BUFFET,1
HAIR'S PLACE,1
KHANOMWHAN,1
ปังสยาม,1
PROPAGANDA,1
SAEMAEUL SIKDANG,1
ห้างทองทองคำเยาวราช,1
WANGYAKMEE,1
กนกพรผัดไทย,1
CRAZY STEP,1
AT MEDICAL CLINIC,1
CAMP,1
MAE MI KHAOSOI,1
BB SERVICES,1
POP PRINT,1
JEFFER STEAK,1
POLO,1
ARTANI,1
PANG CHA,1
HARMONY LIFE CENTER MEDICAL CLINIC,1
PRÄLYN,1
STRAWBERRY CASE,1
ESCENT CONDO,1
NK TIME SERVICE,1
MONGNI CAFE',1
HOSHI JAPANESE RESTAURANT,1
PISSAMAI COFFEE,1
TORO FRIES PHUKET,1
KLOSET & ETCETERA,1
KRUAKHAOPHAD168,1
BOUTIQUE ASIA BY MAPLE,1
EXPRESSIONS,1
SCOOZI PIZZA,1
GIANT BAII FISH BOMB,1
ASAI KHRIM KATHI SOT MATHACHAI,1
SPEEDIANCE,1
RICH JEWELRY,1
JETTS FITNESS,1
HUANLAMAI NAN SILVER,1
GRANEDA CLINIC,1
JJAMBBONGGA,1
ROS'NIYOM/ IBERRY,1
TV DIRECT SHOWCASE,1
SPORTSWORLD,1
ARCHIVE,1
LUCKY 13 SANDWICH,1
ONE 2 PHONE,1
HENG HENG VINTAGE,1
ESP FRENCHIE,1
FOTOYA,1
RED DIAMOND,1
FIN88,1
EDO SOFT,1
ONGTONG,1
J-TIME,1
BOBBY BRAND,1
MARSHALL,1
YAOWARAJ SINTHAWEE GOLD,1
CALVIN KLEIN SOCKS,1
FOODVILLE,1
NAMNAM PASTA AND TAPAS,1
DILOK,1
KOUEN SUSHI BAR,1
TTN,1
CHANEL FRAGRANCE & BEAUTY,1
GUY LAROCHE | LOF-FI-CIEL,1
CHOMPOODANG,1
I SERVE,1
WISDOM INTERNATIONAL BUFFET,1
ก๋วยจั๊บน้ำข้นหม้อดิน,1
MIDNIGHTGAITON,1
KUAITIAORUEASINAKHON,1
REST N GO,1
PHATARA GEMS,1
FLUFF'S EGG CAKE,1
PAPATAGU,1
1976,1
NANGNAI,1
YOMROSSABBANMATU,1
KANGOL,1
MUEANG JUNT WELLNESS CLINIC,1
CHIM SE DESSERT,1
PROAD,1
BANGKOK MUSIC INSTITUTE CENTRAL PLAZA GRAND RAMA 9,1
VISION PRINCESS,1
GURT & GAIN,1
SANYOD WOK,1
BABYLOFT,1
DOLCHANOK,1
TATOO BY CARTOON,1
AKASHI,1
EVERYTHINGHOUND BY GREYHOUND,1
ABOVE THE NAIL,1
MOO YOO,1
AIA,1
CHOW TAI FOOK,1
GIANT EXPLOSION FISH BALL,1
JAPJAPTIEYKAIMARA AND KHAOMUNKANG,1
MOS GUITAR,1
ARAMO AROMA,1
VOCALIZE SINGING ACADEMY,1
NAAIMAYNGBAMEEKYOKUNGPOOYARK,1
LIYA,1
TAOHOAY PEDDEANG,1
K.J.MOBILE,1
CITI,1
343,1
KANOMTOKYO,1
VALENTINO,1
PAN KHAM HOM CAFE,1
MINIMELT,1
AN MOBILE,1
KWC CLINIC,1
TUMNUKTHONG,1
KNUBOX,1
NUR TAIR,1
ONE ACADEMY OF DANCE CENTRAL SI RACHA,1
YAYOI JAPANESE RESTAURANT,1
FORMULA 10.0.6,1
SAYAM AMPHAWA,1
TOCCO TOSCANO,1
JS PHONE,1
PAWIS,1
PUSAN COFFEE (กาแฟน่าน),1
ธนาคารไทยเครดิต,1
SUPER,1
PINTOPAKTAI,1
ไม้ด่าง,1
CALVIN KLEIN JEANS,1
THANAPORN,1
GRAM CAFE & PANCAKES,1
THAI CREDIT BANK PCL,1
สถาบันรับรองและตรวจสอบวัตถุมงคลประเทศไทย,1
MOBILE SHOP CENTER,1
EGG KHAICHIAO TO CHAN,1
ADVICE DISTRIBUTIONS,1
B-SMART,1
KHRAW SYAM,1
KUATIEW SUKHOTHAI NAI HIN,1
BEERPARK,1
SEFARKHANOMJEEN,1
HONEY NUKA,1
@THREE,1
CENTARA LAUNDRY,1
IMDEE KAOMUNKAI,1
AT BED AT HOME,1
LA GRÂCE CLINIC,1
VICTROLA,1
THE RINK ICE ARENA,1
JAITHUENG,1
KUAYTEAWTOMYAMMUCHABU KHIZAB,1
KUAYTIEW ANUSAWAREE,1
Y-GEN COMPUTER,1
FUN PAVILION,1
CHABARGAEW,1
KHA NOY KOR SHABU,1
KKV,1
IRVINS SALTED EGG,1
HATSAYA,1
CASE DUCK,1
YAKMEETANG,1
EDEN JEWELRY,1
NB NICE BODY,1
KAWPHADKATALEK,1
HOM,1
OUTER OUTER,1
PARIS MIKI,1
RACHA TELECOM,1
DELIVERY FEE,1
THE SPELL CLINIC,1
GREYHOUND,1
I GENIUS,1
K305,1
GREYHOUND CAFE,1
BEVERLY HILLS,1
THUMMACHART,1
SKY LUCK,1
JUICEANDCRAFT,1
KUAI CHAP YUAN SUT BORAN,1
MINDHAIR,1
SERVICE PHONE,1
MARRAKESH EXCLUSIVE SPA,1
MIDO POP UP STORE,1
BOQUET DECOR,1
LEGEND WALKER,1
PORNTIP JEWELRY,1
EXPERT WATCH,1
GOVERNMENT EASY CONTACT CENTER,1
OMAZZ GALLERY,1
KHUNLUANG MASS,1
BRIDGE&BAY,1
NAPPAN,1
YAK KAPROTARD,1
APRILPOOLDAY,1
HUG AT HOME,1
SPARSHA,1
BLU-O RHYTHM & BOWL,1
ME-STYLE,1
MOMOYO,1
TOYS”R”US,1
PIYO MOBILE,1
NEUATUNJUNGPET,1
HOMEPRO,1
SFX CINEMA CENTRAL CHAENGWATTANA,1
KUAYJUBYUON,1
TWZ BY โคราช นวกิจ,1
SATUR,1
JINTAICECREAM,1
CO GO ROUND,1
MIANG DONG,1
B&O,1
RACHAKHAMOO,1
NAIL CARE,1
HERS,1
TOPTOY,1
BLACK SHARK CLINIC,1
I DIN KLIN KROK,1
LEMON FARM,1
STUDIO PHONE,1
GRAND SANYOD,1
NAGARA BEACH CLUB,1
DISAYA,1
BANTAI CRYSTAL CERAMIC,1
NIYOMJEANS,1
YOUR FLOWERS,1
DLUX OPTIC,1
V2 WORLD,1
SPEED GAMING,1
SHU GLOBAL,1
GUAY TIEOW MAE DUANG,1
BAGGU BAG&SHOE SPA,1
GRAND SEIKO,1
SALAPAO KOOUAN,1
ALL PHONE,1
CHANTHABURI PASSPORT OFFICE,1
PET YANG ROT DET,1
NAKAMA CAFE,1
OWLVEE SOFT,1
MAEMEEKAOSOI,1
LAMER,1
P&F SMOOTH LIFE,1
พระเครื่องเชียงราย,1
LUCKY SUKI,1
TIME CLINIC,1
MOBEL ART,1
KUMO CREATIVE STUDIO BY CLAY WORK,1
CREED,1
BA MEE FAN CHUAN,1
SMART GEMS,1
MARSHMELLOW,1
CHUTHA THIP,1
MOYU MEAW,1
KIN JAPANESE BUFFET & RAMEN,1
BLACKBARRETT,1
THE FARM,1
CENTER OPTIC,1
ABOUT SOCK BY JONY,1
BONITA EXCLUSIVE,1
MUTEKI BY MUGENDAI,1
TITANIA,1
THAI TERRACE,1
YUM ESY,1
SUSHI,1
GT KLOSET,1
CLARKS,1
CROISSAINT TAIYAKI BY SNOW CLOUDY,1
EMMO,1
EPIPHANY,1
LASH BOUTIQUE,1
T SQUARE SERVICE CENTER,1
PREMIUM GOLDS YAOWARAT,1
พระราม3 โฟโต้,1
NOVEMBER,1
SEGWAY NINEBOT,1
SUKISHI BUFFET,1
TANG TANG,1
PRYNWAN,1
PHARMACARE PLUS,1
PBS CENTAL CLINIC,1
MY KID'S,1
A1,1
MITNAI KAI TON,1
ARTY,1
FOTO BOOTH,1
HANG THONG CHAROENPORN,1
TOYBIES,1
ANASTASIA,1
PERA GEMS,1
KIN DEE BY THE SELECT,1
SEE FAH,1
MOMO LAND,1
TAPA GAME,1
GOGIDA,1
PASSION SKIN CLINIC,1
LUIGI BATANI,1
BE ME,1
TULKATUNG,1
MUU STUDIO,1
MAISON KITSUNE,1
วัวกิว,1
BERRER,1
MORESS,1
MONT BELL,1
LALUNE,1
KUAITIAORUAEARISSARA,1
PHATARA DIAMOND,1
QUJAMI,1
MAEWANG SUESARN,1
RACHINEEPRIKSOD,1
BGRILL SATEK KRATHA RON,1
PERFECT COMBINATION,1
ALIPANTIPUBON,1
THE CASSETTE MUSIC BAR,1
LOLITA,1
HEMP HOUSE,1
KOKORO OMAKASE,1
TAPHIAN BOAT NOODIES,1
POK-TOR-SAB,1
YAMADA,1
SWEETTIME,1
MATA,1
KA REE PUP MAE SO PA,1
BB WAX AND SPA,1
ข้าวเหนี่ยวมะม่วงแม่ใหม่,1
MUSIC STANDARD,1
HUGO,1
VINTEL HOME,1
LITTLE CHINESE LEARNING CENTER,1
KISEKI,1
LUKCHINCHAORUEA,1
PHAT THAI KHUN TOI,1
THONGYOY CAFE,1
GUAY JAP SA YAM,1
RAN KUAITIAO CHAOSUA PHOT NA,1
P-4-VIVA,1
UOB UNITED BANKING,1
POINT HUNDRED TWENTY,1
IMAROINAMJIMSOOTBORAN,1
EVISU GENES,1
PANG SIAM 2515,1
CHARLOTTE'S GEMS,1
AMAZFIT,1
SOLO PHONE,1
THA SIAM,1
FANCY ICE,1
LAM TAE TAE AR HAN NEUA,1
PATNASILP,1
RACHA SEAFOOD HOY YEE SIB,1
THE RAMYOEN BY THE BIBIMBAM,1
VIRGIN SQUEEZE,1
HAY,1
SHAKE SHACK,1
MUSIC AVENUE,1
PUI KENG MANGSAWIRAT,1
DIPTYQUE,1
ข้าวหน้า,1
FASHION TV COSMETICS,1
MUAY THAI 2,1
FIN BALLOON & FLOWER,1
CHAI SI CHUT CHUT . KUAITIAO PAK MO PHANOM,1
CLICK ROBOT,1
FRESHY CREPE,1
LALUNE MACARON,1
SUDATAMSANG,1
WITH IT / HIGH SCHOOL,1
CHANTHABURI CINEPLEX,1
KORIYA,1
LOAF,1
AITIM PHAT,1
TIME,1
DIAMOND SERVICE,1
ONE OPTIC,1
TRUST DENTAL CLINIC,1
SONY,1
MILADI,1
THE CHOCOLATE FACTORY,1
IN CASE,1
BOUNCE INC.,1
NEW CUTE,1
AROI DI,1
CHEBBERS,1
71 EXPORT,1
PINRIMKONG,1
RALLETS,1
SATEK BI THET TI,1
NAIL HOME & SPA,1
KATASIA,1
KRISPY KREAM,1
BAAN&BEYOND,1
KIDS UNIVERSE,1
MIGHTY CAFÉ,1
MAIMORN CUSINE,1
GOTCHA,1
SKIPPY WONDERLAND,1
POWER CASE,1
LOOKCHINPLAMAN A,1
COFFEELISM,1
THAMES,1
CASA LAPIN SPECIALTY COFFEE,1
KENSHIN IZAKAYA,1
MUGLER,1
WAXCORNER,1
TAM NAN KUAYTIEW PLA PHUKET,1
NAM PRIK MEA NANG,1
OHHOLOOKCHINGYAI,1
MY BOXZ,1
PLAY BOY,1
KHAO KOOK NAM PRIK MUEANG YA,1
MEZIO,1
CAFÉ BAGA SPECIALTY COFFEE & LIFESTYLE CAFÉ,1
IMAX,1
THE BEST,1
SECTOR,1
THANN,1
PIYANAS,1
LA BRUKET,1
FRESH,1
THEPNAKORN,1
THONG YAOWARAJ,1
DOUBLE S,1
KIKI BEAUTY SPACE,1
MUSCLE INC.,1
ASAVASOPON,1
AURORA DIAMOND,1
KUAI CHAP DAMNOENSADUA,1
ARISTOTLE BAG,1
KEYMAN,1
PS. KISS ME DOLL,1
STUDIO360,1
DUPONT,1
MAKAI AÇAÍ & SUPERFOOD BAR,1
SAINT LAURENT,1
KHAOKHAMUSAMOSORN,1
FOO FLAVOUR,1
PASTA KITCHEN,1
WONGMIN,1
INDY CREPE & BAKED,1
OSAKA SEAFOOD,1
KYO DONGBURI,1
TAOHUAYPEDDANG,1
THONG MAE SOM BOON,1
INTREND MUSIC,1
KAFFEINE BY KANOM,1
KIMMY ART TOYS,1
STJAMES,1
JEAN PAUL GAULTIER,1
RADIANCE JEWELRY,1
KINGCLASS ACADEMY,1
DER MOND,1
ข้าวมันไก่ประตูน้ำ,1
SOMBOON SEAFOOD,1
L.A.B. X,1
POST SERVICE,1
JOK โต๊ะเดียว,1
BUDDHI BELLY,1
BOWERS & WILKINS,1
KORIKORI CAFÉ,1
SLEEPING CLOUD,1
BLUE LIGHT,1
SANRIO,1
SUREE FLORIST,1
FOR YOU,1
WIROJ GEMS,1
MULTY BEAUTY,1
อิงธารนวดไทย,1
KOBE JAPANESE STEAKHOUSE,1
MORGAN,1
PASSPORT,1
FACTORY 1,1
BUA SHOP,1
HER,1
VASO TAPAS BAR,1
PENA HOUSE,1
ARKO-KHAOMOODANG,1
SOMTAMKAIYANGKHAOSUANKWANG,1
FOLLOW ME SHOP,1
ก๋วยเตี๋ยวเรือโวยวาย,1
ARIGYUGRILL,1
URBAN REVIVO,1
R.O.X,1
CHATIER CLINIC,1
THE LAB,1
KAI JEOW CAFE,1
SCB INVESTMENT CENTER AND SCB BUSINESS CENTER,1
CRYSTAL,1
BAGGAGE LUGGAGE,1
PASSPORT CENTER สำนักงานหนังสือเดินทาง,1
PHUENNUKGUITAR,1
THE HERITAGE NAIL SPA,1
ตำมั่ว แจ่วฮ้อน,1
KAPI SATOR,1
KHAO-SO-I,1
TERAOKA GYOZA,1
MILLION SHOP,1
COOLLABO,1
NONGSAHAROS,1
GIFTSHOP AND POPTOY,1
CZECH BUSINESS CENTER,1
BUBBLE TIME,1
PREMIER,1
BIGBEAR ART STUDIO,1
SI RACHA CINEPLEX,1
FAMILY MART,1
PRAIRAYA SIGNATURE,1
BARBIE BLINK CLINIC,1
GOOD HAND THAI MASSAGE & SPA,1
GROUNDER,1
TSUTA,1
TOYS R US,1
CHILLICHIC,1
THE RICHEST EXCHANGE2,1
MR.SURE,1
อ๋อมแอ๋ม,1
ALUMINIUM,1
SANTA BARBARA,1
BE GRAND CLINIC,1
CS MOBILE,1
TARMAFIA,1
โอ้กะจู๋,1
KRUNGSRI BANK (BAY),1
TREND,1
LUCKLY,1
178,1
LUKCHIN THOT,1
FURLISH COMMON ROOM,1
SUMDAY DIMSUM,1
LITTLE GIRL,1
SKY PLUS DENTAL CLINIC,1
KEDAIKOPI,1
KRAPHOPLA A U,1
KHAO KHAICHIAO O&T,1
WHAT THE FISH,1
KHUNNAI KHAWMANKAI BY PP,1
SIN CHAI HUA,1
LUSTAMPA,1
WEEKEND STUDIO,1
HAPPY MOBILE,1
NETURA,1
SMOOTHIE JUICY,1
EMBRYOLISSE,1
VUUDH,1
SEOGA & COOK,1
JUNGLE COFFEE,1
GYMBOREE,1
KUDOS,1
ORBITKEY,1
L.A.B.X CLINIC,1
TUDOR,1
MEET FRESH,1
STORE CUTE,1
YANGCHEESE GRILCHABU,1
SMART ROOM,1
NAMPU CLUB,1
LAB X,1
YALE SMART SHOP,1
CINEMA CENTRAL NAKORNSAWAN,1
HOLSTER,1
SUDJAI,1
CHICKEN RICE (HAINAN),1
NAMPRIKKAIJEAWKHUNKAEW,1
NOODLEGARDEN,1
FOREVER WEEKEND,1
WHANGTOHKANG YAOWARAT,1
SEKI,1
LIPDA MOBILE,1
ARMANDO CARUSO,1
GREYHOUND CAFÉ,1
NAILS LAB STUDIO,1
URBAN BAO BAO,1
THE RITZ CLTNIC,1
SALT // PEPPER,1
TWELVE VICTORY,1
BOWCAKE HOMEMADE,1
CHARISSE,1
SOUL SOCIETY CLINIC,1
CHEN CHUAN CHIM LANG HOITHIANLAO,1
KHAMOODIAMPERLER,1
JUN HAIR,1
AROIRIMRABIANG,1
PETCHCHABA,1
ของขวัญ,1
ROLEX AT NGG TIMEPIECES,1
IFLIN BABY,1
SODA,1
SPEEDO,1
CHAKAI,1
STANG PHONE,1
CHIANGMAI FLOWER,1
NOTERO MYBAND,1
CHARNA,1
THAI LIFE INSURANCE,1
KANOMBEUANGMAESOMJIT,1
CHAGEE,1
SUQQU,1
ZENO,1
SHOE BAR,1
FIRE PORK,1
VIERA BY RAGAZZE,1
TAM SARA PHAT,1
BENLAI,1
ธนาคารออมสิน,1
KIANI,1
YOKSOD,1
PASTEL,1
ROYAL IVY REGATTA NEW ENGLANG,1
KIDS NINETY9,1
KOBORI FURNITURE,1
YONNY,1
NIKO'S DOG CAFE,1
VILLAINS SF,1
ROYCE & JALUX CORNER,1
LE CREUSET,1
RUEN MAI THAI YAI,1
GLOWAURA,1
VERAPARIS,1
DD PHONE,1
THIRTY LOVE 30-0,1
KUAITIAO TOMYAM MAE RA WENG,1
YUM BOMB BY ELDER CAT,1
ROSE RELAX,1
IKON,1
SIRI DIAMOND,1
MAKOTO AND MISTER ROBOT,1
RADNAHJERAT,1
NIKUYA,1
CARLO BASANO,1
OHHOYAMSODSOD,1
VIKTOR&ROLF,1
BA HAO TIAN MI,1
ENZO RECLINER,1
RECYCLE DAY,1
SIAMPORK INTERFOOD,1
SHABUSHI BUFFER BY OISHI,1
KOMONOYA,1
KHUNTA THAI MASSAGE,1
KAKASHI,1
SAKULTHONG,1
HADARA,1
STAR ELEPHANT,1
MONARCH,1
F1,1
CHUCKY FRESH,1
COCO FRESH TEA & JUICE,1
CAZZY,1
ก๋วยเตี๋ยวไก่มะระ,1
ÑAM ÑAM PASTA AND TAPAS,1
KRAU PRINK WHAN,1
SAMEROS GELATO CAFE,1
THONGLOR PET HOSPITAL,1
LUMOS SERVICE,1
NF PHONE,1
CHEFU TOWN KID'S COOKING SCHOOL,1
HOUR PASSION,1
PLOEN POONG,1
KUNCHERN(AEKKAMAI),1
MINAMOTO KITCHOAN,1
KUAYTIEWPAOPAK,1
EDELWEISS,1
DADIA,1
SUKIHORJEAR,1
WAN JEWELRY,1
THE FAST BEAUTY,1
BF MOBILE,1
KAENG HET PHUEA SUKKHAPHAP,1
ร้านไปรษณีย์ไทย,1
THE PROUD CLINIC / THE PROUD WELLNESS,1
HOME&LIVING,1
BANGKOK SOUVENIR,1
JUTATIP,1
PAICHIT,1
PAÑPURI,1
LANNAMPHRIK,1
IYAPANGNOM,1
NITTAYA KAI YANG RESTAURANT,1
PREMIUM DIAMOND,1
PANDA 18,1
CHOM SHOP,1
เสือใต้,1
BOW NU DEE,1
STUFF FACTORY,1
IT MOBILE,1
YAMAHA,1
MEAT LABO,1
88ASHER,1
CHICHA SAN CHEN,1
GOSSIP,1
JIAN CHA,1
K-MOBILE PHONE,1
ĂN CƠM ĂN CÁ,1
VIJITTRA'S JEWELRY,1
POLARBOLL,1
KITTIBOONCHUANCHIM,1
ตู้รองเท้าอลูมิเนียมกันน้ำปลวก100%,1
YO MOBILE,1
HAIR WELL,1
MATH HOUSE LEARNING CENTER,1
THAI BRASSERIE BY BLUE ELEPHANT,1
THE ICON MEDICAL CLINIC,1
JD SPORTS,1
KARATISE BY KARAT,1
KHANOMJEEN NAMYA SEEPHAK,1
DERMCARE CLINIC,1
ALUMNUS,1
I-BRANDNAME,1
MEGA CINEPLEX,1
SP PHONE,1
WARP,1
ZINE SHOP,1
KRAURTHAI,1
MUSIC PLANT,1
KOREADONG,1
SIAM GOLD MAETHONGSUK,1
JU YUAN,1
JIM THOMPSON FACTORY STORE,1
MONKEY SHAKE BY จิ๊บ,1
SUKONTA,1
ASA SERIVCES,1
RUNGTAEKWONDO ACADEMY,1
ARTHITAYA,1
RELAX TIME,1
YING MOBILE,1
STEAKBETASTY,1
HELLO YOGURT,1
TEAW PED MUNG CHON,1
LEENA,1
TEXAS CHICKEN,1
LEXON,1
BAIMIANG HEALTHY SHOP,1
ERMENEGILDO ZEGNA,1
KRAPAOTHAD NATTHARINEE,1
DEEGEE,1
KHAWMONKAISINGKAPRO,1
KAITUNMARAAYUTTAYA,1
FOLIO,1
LES NEREIDES PARIS / N2 PARIS,1
YOK SOT LENG SAEP,1
KRUAKUNNUCH,1
P.F BAKERY,1
CHAAUTTHONG,1
SENG HENG,1
POKODOT.ACCESSORIES,1
PRIME BURGER,1
SIMPLY W,1
MONGKOL KUAITIAOKAI,1
VR CLUB ANOTHER WORLD,1
MEGA NAILS SPA,1
MARDI MERCREDI,1
AIAOON,1
DRMARTENS,1
THONGTHAWEECHAI 1,1
SEOUL GARDEN,1
EDU FIRST,1
THANYANAN,1
NOURKUAYTIEWNUAR,1
NEPP STUDIO BY โกดังผ้า,1
CHOLE,1
BREW BAR,1
DAILY PHONE,1
KID'S BOX,1
MILAROSE,1
SAKAI LAK,1
TOONT CHA BOOM,1
PASSPORT OFFICE,1
FARMEENROTICHACCHUK,1
2ND STREET,1
MAISON MARGIELA,1
SUPER GOOD,1
BREITLING,1
PLAYMONDO/PLAYSQUARE,1
GLODI,1
BREAD TALK,1
SIMPLICITY,1
PAUL FRANK / TOKIDOKI,1
GASHAPON BANDAI,1
GOODR,1
MFC ASSET MANAGEMENT PUBLIC COMPANY LIMITED,1
MR.CHACHAK & ROTI,1
HOVER AIR,1
ACME DE LA VIE,1
KATE JEWERY,1
GOLD MASTER ELECTRO,1
MEZZO,1
JIENG LOOK CHIN PLA,1
KUMI,1
EYE LEVEL LEARNING CENTER,1
KRA PHRAO THAT BY KHRUA PHRIK SOT,1
MOM'S TOUCH,1
HELLO SUNSHINE,1
AUDREY,1
กินคลีนอยู่ดี,1
UR THE,1
K PLUS ACCESSORIES,1
KHAMOOJUKKAPAT,1
LEPANA,1
NANA NAIL,1
RADNAH HIAAOUN LHANGHOITEIANLAO,1
WINE CONNECTION BISTRO,1
JK SHOP,1
AIRWHEEL,1
HOT TOD GRA TA RON KRUA NAI NA,1
DRIED BANANA CHIPS,1
เคาน์เตอร์บริการไปรษณีย์,1
KHUN PO KHANOM THAI,1
PAD THAI BAY THAI TERRACE,1
KHAWKARNG SUWANNAPHUM,1
TUMSANUN,1
JERICHO,1
FLASH NAIL,1
BUASUWAN JEWELRY,1
MUANG NUAE,1
ศูนย์หม่อนไหม,1
C.T.GALLARY,1
PICK A CHOUX,1
BEACH EATS,1
BANSUAN CHAISAKARIN,1
HUB STATION 1,1
F PHONE,1
ACSEINE,1
CHILLING STLYE,1
SBARSHA,1
NUIPHATHAI,1
BRICKS 4 KIDZ,1
RAN KUAI CHAP YUAN,1
ORAWAN COLLECTION,1
BONUS SUKI,1
THONGBAI JEWELRY,1
IT MOBILE & SERVICE,1
MR. SKY,1
COPA CABANA,1
INLOVE,1
NOURKUAYTIEWMOO,1
DOCTOR DELIGHT CLINIC,1
VOLCOM,1
KUAYTEAWRERVOYVAY,1
MODERN CUT,1
NIXON,1
JAIYEN PHONE,1
INFINITY SMILE DENTAL CLINIC,1
T.WATCHES,1
SKYRISE ADVENTURE,1
DREAM UP HOUSE BUIDER,1
INNARI,1
OAK BERRY,1
LOVE KEY BIG KEY,1
ECC AND TUTOR HOUSE,1
INTER,1
PETCHMONGKOL,1
HOLLYWOOD HAIR STUDIO,1
DARLIN,1
EYE BRIGHT,1
KINDITAMSAN,1
ROOL,1
NARAI PIZZERIA,1
KRUAPRIKSOD,1
LAOYUAN,1
PEPPINA,1
FRENCH FRICES MY FRICED,1
SUB-ZERO ICE SKATE CLUB,1
EPIPHANY JEWELRY,1
WINE CONNECTION,1
MR. T. PADTHAI FRIED CLAMS,1
BLT,1
KHAO SOI SARAPHI,1
PUDTHAISAWOIE,1
NANA PHONE,1
ROT DI DET,1
BLOSSOM,1
MLK CONNECT,1
COOLLIVING FARM,1
TUNE MOBILE,1
BANANA LEAF,1
MIRA CLINIC,1
KUMIGAR,1
MONKEY THREE,1
WARISS BEAUTY NAILS & LASH,1
MOMOKO BAG & SHOES SPA,1
LUXEQUEEN,1
UD TOYS BY BAAN GUNDAM,1
DE RALPH CLINIC,1
THAILAND POST,1
ข้าวมันไก่ไก๊ฟ่าน,1
YOLO,1
AMERICAN TOURISTER,1
ROLEX(SRICHAI),1
MILCH,1
TIENG TONG NALIGA,1
MIX PHONE,1
REMAX249,1
KATE SPADE NEW YORK,1
ARSENGYENTAFOYAOWARAJ,1
PROKEDS,1
MOLLY TEA,1
COMFORT ZONE,1
THE VIVE STUDIO,1
ZABBEILI,1
KOREA BRANDNAME,1
MAMA ACCESSORIES,1
THE BEYOND CLINIC,1
PUNGSIAM,1
TUK PHONE,1
COFFEE BEAN BY DAO,1
CROWN CHRONO,1
EXODIA,1
CHONGJAROEN GROOVE,1
KHONGKWAN BY AURORA,1
THE ROCK SHABU,1
MADAM THAI MASSAGE,1
SKULLCANDY,1
BANGKOK TALES,1
POOTUMYOMSAAP,1
HOT POT INTER BUFFET,1
PHAD THAI HOY TOD SIAM AUMPHAWA,1
KITTIN,1
TOP BOX TOYS,1
ก๋วยเตี๋ยวเรือกลางกรุง,1
MISTINE,1
BOATSHOP,1
OASIS,1
THE CHAMPION,1
SIWLHANKAOLADTHONG,1
PLUS CONDO,1
อำเภอยิ้ม,1
YODHENG KUAITIAORUE AYUDHAYA,1
LOUIS FONTAINE,1
KHA MU SEN LUI,1
SHOES STORY,1
APEX MEDICAL CENTER,1
CHAKAFAIR,1
OVV,1
JO MALONE LONDON,1
KUAY TIEW BOHRAN SUKHOTHAI,1
J&T EXPRESS,1
OTTER BOX,1
LOREAL,1
HD PHONE,1
THE TOUCH,1
CATERPILLAR,1
OSANACK,1
ANN&BRA,1
PHC CLINIC,1
LAB X CLINIC,1
MHOEFRIE JAIDEE,1
RAINBO,1
GODFATHER,1
KHUNYING HAIR SALON,1
GO WOW!,1
CHAENG WATTANA THE GOVERNMENT CENTER,1
24 KILATES,1
BA&SH,1
FITNESS LIFESTYLE,1
TIFFANY & CO.,1
KLEENS,1
MONTALE,1
CLICK GLASSES,1
POLO CLUB,1
HAIR TEX,1
RAT NA HIA UAN,1
FRESH MOBILE,1
ENJOY EXCHANGE,1
GOKAIMOON SHOP,1
RAD NA HIA AOUN YOW WA RAD,1
NANYUAN NOODLE,1
BYD,1
ยำปากเจ่อ&สลัดโรล,1
LONGCHAMP,1
KASIKORNBANK,1
KREAFUNK,1
NANYUAN,1
TAJIMAYA YAKINIKU,1
TOP MOBILE,1
NESCAFE,1
THEFRUITHOUSE,1
THE COG WATCH,1
FROM SCRATCH,1
KIDZOONA,1
PETCH GEMS,1
AKIYOSHI,1
SANE NAMPHRIK,1
51 TALK,1
LILY ROSE,1
L'CLINIC,1
SLIMEVILLE,1
CORUM,1
LUKCHIN NAI CHANA,1
SANAENAMPRIK,1
QUEEN BEAUTY,1
STANLEY,1
TEN HIGH,1
RIKU,1
ON CAFE',1
WANG TOH KANG YAOWARAT,1
BRANDNAME.COM,1
CARLYN,1
52 TOYS,1
SOLITAIRE,1
FANTACY SHOP,1
LE COQ,1
IMMAGINI,1
HONGKONG WAFFLE,1
OLIVIA DIAMONDS,1
THE RITZ CLINIC,1
FOCUS CITY,1
EL GAUCHO ARGENTINIAN STEAKHOUSE,1
ราดหน้าสองพี่น้อง,1
MOBISTER,1
KHUNYING PHRIK SOT,1
DAENG KAN PAK,1
MICCO,1
PHOTOPHONE,1
ONEDER,1
PONGSAK CLINIC,1
PAN PAN PAN,1
TAKOSANG,1
TORRAS,1
ROCK PLANET,1
ANNA CLINIC,1
COLTHES FIXING,1
YAMAHA MUSIC,1
MISS SIS,1
MY WAY,1
KHAWKHAMOO KHUNMAE BY DUANGDARA,1
TENJO SUSHI & YAKINIKU PREMIUM BUFFET,1
YOGURBARA,1
MIZUSAWA,1
BILLABONG,1
จรัญญา ป้ากับลุงปรุงก๋วยเตี๋ยว,1
BABANA CORN,1
PASO,1
B.BURNT,1
TOPOLOGIE,1
CHAZEN,1
ห้างทองแม่ทองพูล,1
PLUS DENTAL CLINIC,1
PAINT FLOWERS,1
COPPER 9,1
PUIKENGMUNGSAWIRAT,1
LER CLAIRE CLINIC,1
PARMA BY MOZZA,1
ARMANI,1
CHABATREE,1
VICTORIA BY COCOTTE,1
PARIT LANGUAGE SCHOOL,1
ROLEX AT PENDULUM,1
LANVIN,1
TALON,1
NIGHT@DAY,1
EUPHORIA,1
ESCENT NAKHON SAWAN,1
MATH CUTE,1
CHALAENG MASSAGE,1
LINDA,1
OISHI BIZ TORO,1
OKII KATSU,1
MAKE N HAPPEN,1
POLAROID,1
PRADA,1
MONKEY SHAKE,1
GOOD NEWS,1
TG SMARTPHONE,1
MERRICH CLINIC,1
RICHESSE BAKERY,1
NC SHOP,1
DANCE SPACE & THE KICK SCHOOL BY ANT,1
PICO,1
CHANON TIME SERVICE,1
SIRENA,1
FAM TIME,1
SALMON FOR YOU,1
RADNACHAKKAPAD,1
HORNOR,1
TUM TUM ZAPP CAFE,1
WACKY WILLY,1
CAFECHAODOY,1
722 SEVEN TWENTY TWO,1
ING TAAN THAIMASSAGE,1
SCB,1
BKK TIME SERVICE,1
PHRA NAKORN NOODLE,1
MR. BUN,1
ST.JAMES & TREND,1
ROVING FOX,1
MATCHA & MORE,1
MITH BANGKOK,1
RONG SI,1
ACTTO,1
BASKIN ROBBINS,1
YAOWARAT GOLD SHOP,1
SKLZ,1
USPOLO ASSN,1
LALIL,1
VENITA PHONE,1
OH! JUICE,1
KHRUA PANYAPAT,1
THE BEST GEMS,1
THAT'S MANDARIN,1
ARAMIS,1
HOME BOY,1
PRINT ONE,1
MANWOOD,1
DENTAL FACTORY,1
BOTTEGA VENETA,1
SUNMOULIN ROYAL,1
LUXO'NE,1
GANG CARTOON,1
HONMONO SUSHI,1
WELCARE,1
DERMALOGICA,1
ก๋วยเตี๋ยวเนื้อตุ๋น-หมูตุ๋นเฮียพล,1
VANILLA DESSEERT CAFE,1
NAILS BY JOY,1
BEWITCHED EVERYDAY BOARDGAME CAFE,1
SOMTAMZABVER,1
NUAN BAKERY,1
MAELUNARHARNTAMSUNG,1
ONSONJAEWHONSAMUNPAI,1
IDEAL,1
POPCORN,1
MUST LOOJ MORE,1
HANKY HOUSE,1
BEAUTY FARM,1
SOMRUBKABKAO,1
AT STORY,1
LUXURY LIVING INTERNATIONAL,1
CHACOAL STEAK BY SKYLUCK,1
NEW CITY BKK,1
DINOS DRUM,1
SIAMBIRIYANEE,1
S CAPE BY HARNN,1
BAO BAO,1
APRIL'S BAKERY,1
MAKAO,1
KUAITIAO RUEA RAYONG,1
I-GENIUS EDUCATION,1
ACQUA DI PARMA,1
MAY BANK KIM ENG,1
BAAN PUYING,1
HCT LANGUAGE SCHOOL,1
COFFEE TIME,1
GRILLICIOUS BY BEIRUT,1
SEOUL HERE,1
BANARMAE ARHANTAMSANG,1
CONCEPT,1
HANG THONG MAE POOL,1
ATEGGJAEWTORJAN,1
HOBS HOUSEOFBROS,1
TIME DECO,1
ELIZABETH ARDEN,1
F&Y PHONE,1
INSTA360,1
RICE PLUS,1
I AM SWEETS,1
PET SAFARI,1
SARU PHONE,1
FOODWORLD,1
PARIS MIKKI,1
NOBI CHA,1
FIFTYNINE,1
LOVE TIME & COMPUTER SERVICE,1
MISTER CHOO,1
RAGAZZE 1984,1
ANATCHA,1
ANCHALEE THAI DESSERT,1
KHAO SOI BAN NUEA,1
THE EXTRACTION,1
HYPERICE,1
KUAY TEOW REUA KLANG KRUNG,1
WILSON,1
HUA PLA CHONG NONSRI JUNIOR,1
SIRACHA HALL,1
VIRIYAH INSURANCE,1
PAYOT,1
YOU VEGETARIAN,1
RANCHARM,1
SIAMPARASITE,1
TOY TOWN,1
CARSON,1
NGG (ง้วนโกลด์ แอนด์ เจมส์),1
YAMSAB,1
SONGPHINONG IM AROI KUAITIAO KAI,1
KHAIJEAWPANLAN,1
GUCCI BEAUTY,1
KUAYTIEWPLAKUNJUM,1
HOKKAIDO MILK,1
KANUMWAANBAANMOR,1
PHYTO,1
PRETTY FIT,1
HONOHO,1
AHIRU CREPE & TEA,1
IATA EXPRESS,1
BLOODY BUNNY,1
KAOMUNKAIKOSUN,1
ราดหน้าจักรพรรดิ์,1
DOMINIC,1
POLA,1
TORSLIP,1
THE KITCHEN,1
VITSAVA NOODLE,1
NAKHON RATCHASIMA PROVINCE TRANSPORT,1
MAMA&BABY,1
LT FISH RESTAURANT,1
LEGO,1
POR POCHANA GUAY JUB,1
GOLD HORSE CLINIC & SPA,1
LER RICH WELLNESS CLINIC,1
SELF (JUICE),1
GRATIAE,1
ครัวเกษศร,1
PERFECT OFFICE,1
KAM'S ROAST,1
COCA,1
CHLOE,1
PENNII PREMIUM POPCORN,1
ARI RUNNING CONCEPT STORE,1
AKA YAKINIKU,1
CAROLINA LEMKE,1
TAMMACHAATSEEFOOD,1
CRITICAL SLIDE,1
RAB A ROON BEEF NOODLE,1
KRUARIMJUNG,1
EAT ME EAT CLEAN,1
AQUA,1
IT'S HAPPENED TO BE A FOX PRINCESS + FRIENDS ITALIAN CAFE,1
CHUBBY DOUGH,1
THE THAI CREDIT RETAIL BANK,1
SLAMMERS,1
JUNG SAEM MOOL,1
ZABESARN 101,1
SET UP,1
SHAKA,1
STACCATO,1
YES EXCHANGE,1
KOREA THINKS LIKE,1
MEETSEEDBARBEER,1
MUM KHONGWANG,1
NIPON CLINIC,1
KANKATSU SUSHI,1
AROIDEE,1
A LOT OF BOOK,1
LALIZA CLINIC,1
TOMMY UNDERWEAR,1
อัญชันบุรี,1
CRUISE BY CHRISTIANA,1
CHILL CHILL BAR,1
CARAN DACHE,1
TUMSABSAB,1
ALHUDSUN KRUA MUSLIM,1
MONKEY HOUSE TAPROOM & RESTAURANT,1
SHINO MASSAGE,1
HERO GADGET,1
EMPORIO DELL'ARTE,1
LIM LAO NGOW,1
KANLAPAPHRUEK,1
LUKCHIN KO JA,1
ZEN SUSHI&SAKE,1
J.I.B.,1
CLE DE PEAU BEAUTE,1
FPO,1
MASSIMO DUTTI,1
HANG THONG KHUN HUA,1
ANDAMAN PEARL,1
INGLOT,1
BVLGARI,1
SOM TUM RIM NAM MOON,1
PLEUN PUNG CAFE,1
KHAOKAENG MAE NUAM DON WAI,1
DE NAIL,1
ADORE COSMETICS,1
JOUSSE,1
HERO CITY BY FUN CITY,1
เจียงลูกชิ้นปลาและขนมจีนบุฟเฟ่ต์,1
HAPTHIM KROPWONGWIAN YAI,1
YAMNAEMKLOOK,1
KHAMOOJAOSAU,1
TOCA BOX,1
WAFFLE HOUSE,1
SUCHAT PHONE,1
KYO ROLL EN CAFE' & MEAL,1
KRAPHRAO TARD BORAN,1
HAVE A ZEED BY STEAK LAO,1
HYDRO FLASK,1
GIALONG,1
CHA KUNGRAO,1
NEO SUKI,1
BAAN KRONG NAM,1
CK,1
KABOCHA SUSHI,1
APPLESHEEP,1
WINE CONNECTION DELI & BISTRO,1
KARDINA ANDRIA,1
WATCH STATION PLUS,1
THE LOFT SERVICES,1
GUAYJAPYUAN,1
GLUAY NAM WAH,1
THE KICK TAEKWONDO,1
DKNY,1
GMM LIVE HOUSE,1
YES I AM,1
SLIM CONCEPT,1
KUAWTEAWRUARUENTHAI,1
SWEET SECRET CROISSANT,1
BAGGAGE AND LUGGAGE,1
100 DEGREES,1
I SERVICE MAC,1
SOMTAMJEKAI,1
NARA GEMS,1
DAIDOMON,1
WHAN MOBILE,1
KANNIKAR MASSAGE,1
THE ROLLING PINN,1
KAOMUDAENGMUKROB,1
MAMAUNGNAMPLAWHAN,1
RAD NA SIAM GOONG YAK,1
FUMI JAPANESE CUISINE,1
CHRISTIANA,1
VNC,1
DYU,1
YOU&I,1
THONGSMITH,1
IQAIR,1
PRAILEELA,1
ANNAKANOMJEEN,1
SE-ED BOOK,1
BUASUWAN,1
SAMOL SHOP,1
MAE THONGBAI,1
DIVOOM,1
STEVE MADDEN,1
TAR TIME,1
BARISTART COFFEE,1
KAMAN AMULETS,1
MAI NGAM THAI MASSAGE,1
PAN SHOP,1
FAST LEARN ACADEMY,1
ELIZABETH,1
EYE LINK,1
LANA,1
DIGITAL CAFÉ,1
SEVEN OPTIC,1
ตั๊กกะเพราถาดยักษ์,1
KEERATI GOLD (MAE THONG POOL),1
SKII,1
LA MER,1
YACCO MARICARD,1
POP UP,1
OLINO,1
GELATONI,1
KUITEAWRUERUANTHAI,1
KLOSET,1
ขนมจีนแม่กษมา,1
LIBO CLOSET,1
PIMTAMJAI,1
JEWELRY CLINIC,1
ALL COCO,1
SATANG POON,1
MARHENJ,1
LOJEL,1
VOCALIZE - SINGING ACADEMY BY KRU FASAI,1
CW CURRYWURST,1
SARAMANDA,1
MERCURY,1
GLASSIQ,1
SOMTAM KI YANG KHEA SUAN KWANG,1
THE CLASSIC HAIR SALON,1
AROIDEEKAPHOWTHAD,1
ITGO,1
ZWILLING,1
NOVEXPERT,1
BLOCKLAND,1
ราชินีพริกสด,1
TOR TUM SOM TUM INDI,1
KHAWMOK SYAM - IN DO,1
FIFTH YORK,1
SALE PHONE,1
I CENTER,1
HOFSTORE,1
CREPE A DAY,1
THE COSMETIC COMPANY,1
BANGKOK BOOTERY,1
ORIENT,1
MFC ASSET MANAGEMENT,1
SURASANG,1
KUAY JUB ANDAMAN,1
SOMJAI,1
K311,1
INDEX LIVING MALL,1
KARAKATE GALLERY,1
GAVINSON,1
INTER MATH,1
IM AROI KUAI TIAO KAI,1
EXPRET WATCH,1
MUSSAYA,1
MIND,1
LIVING DOLLS,1
HI PHONE,1
PPK BLOOD STATION ณ จันท์,1
PLAY GROUND,1
NATURE REPUBLIC,1
JAEDAO TAMLAEK,1
JAN PHONE,1
LUXE GALERIE,1
N.G. MOBILE,1
SEEK,1
TOMYUMNASIAMBYPIRUNYA,1
KWANJAIPUDTHAIHOYTOD,1
PIANISMO MUSIC ACADEMY,1
ดวงเศรษฐี,1
JIB COMPUTER,1
KHREP YAK SAI THALAK,1
SIN THAI MASSAGE,1
JINLONG HOUSE,1
BUBBLE FAMILY,1
BEAUTY UNIQUE,1
NAKAMOL,1
LEARKSEN LENNAM,1
RAD,1
SENSO,1
ICE MANIA,1
ERAWAN GEMS,1
TENNO SUSHI,1
CHABAR,1
PAZZION,1
NT,1
PINN SHOP,1
I LOVE FRUIT,1
EASTMAN,1
CHARACTERS STUDIO,1
PAUL BAKERY,1
ไก่กรอบป้าแก้ว,1
CHUMPOLKAOMUKAI,1
WORLDBRAND,1
ร้านเพชรคุณฝัน,1
ROTI PHUKET,1
CHEEN,1
SUSHI CYU,1
MUANGTHAILIFE INSURANCE,1
ARTIFACT,1
TOMMY JEANS,1
ALUMNUS WOMEN,1
AFFANFOODHALAL,1
KAOMANKAIPRATUNAM,1
YUM KHANOMJEEN SAB NUA,1
ILY,1
FOCUS BY HENGGROUP,1
YODMUAYTHAI GYM,1
AFS STUDIO,1
KHRUA RABIANG,1
ONG TONG KHAO SOI,1
GROW ON ME,1
KHAMOOJESOM,1
KAE DESIGN,1
MAGO FOOTWEAR,1
KARADA,1
KAMU,1
ISBN,1
JUST IN CASE BAGS,1
ANTIDOTES,1
BAGTASH,1
TEMAIM,1
ZERO KCAL XKALAMARE,1
VIVIENNE WESTWOOD,1
KUAICHAPDAMNOENSADUAK,1
ARCOVA,1
CODING INNOVATION,1
NUNU TOYS,1
BLISS STONE,1
BEST ELIXIR,1
PEEK DESIGN,1
KIANG,1
KIJIEWSONGKRUEING,1
MISTER LOBSTER,1
TALALUK,1
SINO,1
ROTIE NAIHOA CHACHUK,1
SAMUI HAWAII,1
BRANDS OUTLET,1
ACAI STORY,1
MORE PHONE,1
KHAWMOODEANG MOOKROB JAENHING,1
N&J MOBILE,1
TALING PLING,1
BANGKOK LATEX,1
SKD CLINIC,1
FUNDAO,1
NANPHRIK CINDA,1
CANTON PARADISE,1
KHAW KHA MU HONGTA,1
THE BEAUTY BOUTIQUE,1
HANG KA THONG YAOWARAJ,1
VITREE,1
URAIWAN JEWELRY,1
JBL CREDIT,1
SWAN,1
KLIN,1
MATTAYA VISION CENTER,1
AT FIRST,1
NS MOBILE,1
RECHIC,1
SUREENO,1
PATTHAIANDAMAN,1
PHO LUNG HO,1
TEAWZEEFOUR,1
NAI PHONE,1
TEATARO,1
FLEUR CLASIQUE,1
KHAMU CHAO YUTCHAK,1
DONNA CHANG,1
SOMPHONGKHAOMOK,1
PANKRACHAKUYTEAWKAI,1
SKINNYLICIOUS BY COFFEE BEANS BY DAO,1
LEATHER SOLUTE,1
NGAN PAK LUNG PIAK,1
AUGUSTINUS BADER,1
COVERNAT,1
MMC CLINIC,1
TWELVE VICTORY (42),1
ITALIAN OSTERIA,1
SOUL SOCIETY CLINCE,1
PHOTO AUTOMAT,1
ENABOT,1
STAR MONEY,1
GELATO,1
SLOTHS CAFE,1
ATOM PHONE,1
PLACELL,1
ONKIJUNG,1
KANOMWAN MAILA,1
SNOOWING BINGSU,1
BANK OF CHINA,1
NAKLA MOOKATA,1
LE BIJOUX,1
SKS,1
K323,1
THE EXCELLEN DAY SPA,1
PIE STORE,1
MAY BANK KIM ENG SECURITIES,1
KIMTEE FINE JEWELRY,1
N&B PANCAKE,1
LIBERTY CLINIC,1
PAIBOON CURTAIN,1
MINI KIDZOOONA,1
ECHOLAC,1
KAREYA,1
ธนาคารไทยเครดิต เพื่อรายย่อย,1
HANG THONG TONGSUKDEE,1
THE COCOA BAR,1
SIPA RELAXING MASSAGE,1
BABYSMILE GACHAPON,1
MALI KUAI CHAP YUAN,1
BELLY ROTI,1
HAIR WORLD,1
PERFECT NAIL,1
KONG DEE MUANGKON,1
HELLO CASE,1
F-FASHION,1
THAI PERFUME,1
TUDARI,1
CHUEN CHAI,1
หยวนหมิงหยวนเส้นหมี่,1
KOJI CHA,1
DR.TALLSTERS,1
DIAMOND HOUSE,1
APEX CLINIC,1
FUN PLANET,1
BAKE WORKS,1
YAMASA CHIKUWA,1
CHIN GOLD&JEWELRY,1
OMELETTE RICE,1
KOGORO KATSU,1
K-TOP EDUCATION,1
AAPE BY A BATHING APE,1
FARM DESIGN,1
OWNSDAY,1
EYE DEAR,1
DENTIST @ BEACH,1
GUAYTIEWRUAR LANTAPHIEN,1
PHONE CLUB,1
DARAKA DIAMOND,1
BANN SABAI,1
HALEESUSHI,1
DISCO BEST BEEF,1
OUTDOOR,1
EILEEN FISHER,1
A.CEMI,1
OWN DAYS,1
ONE TO TWO,1
DIAMOND MOBILE,1
BEAUTY LOK,1
X2 THAILAND,1
GAI HOUND,1
CHATO STUDIO,1
CHAODOI,1
KANOMJEENBANMAETU,1
MAKE A SMILE DENTAL CLINIC (MSDC),1
CESAR MOBILE,1
DUANGSEATTE,1
ก๋วยเตี๋ยวต้มยำแม่บูญช่วย,1
DHL EXPRESS,1
THONGBAI KRUNGTEP,1
BLACK BERRY,1
SACHIRAT JEWELRY,1
CAFE DE TU,1
CHIANGMAI ICE ARENA,1
AM PHONE,1
PANG CHA BY LUKKAITHONG,1
KAOKANGKHONKON,1
FIRST DATE,1
KASIKORN BANK (KBANK),1
UMCHOO MOBILE,1
MEKO CLINIC,1
CENTRAL EDITION,1
I CINNECT,1
MOGA,1
POULET,1
MOBIZZ,1
ZURICH BREAD CAFE,1
CHICCO,1
POPSTAR BY MAJOR CINEPLEX,1
LOVE PHONE,1
NAKHON SAWAN CONVENTION HALL,1
M SALAD CAFE' & FOOD FOR LIFE,1
NAMTAOHUU PU PLA,1
TWELVE EXCHANGE,1
ABSOLUTE MAC,1
NHK GADGET,1
SAP SA-DET,1
HER HYNESS,1
MUSO,1
DE RICH GRAND CLINIC,1
KIKI MATCHA,1
KHAKI BROS,1
VANGTHONGDEE,1
KUAITIAORUENAIPHOL,1
AZZARO,1
HIFUTURE,1
THE PROPERTY SHOP,1
KHA MU MENG CHAI,1
MITH,1
LADIE SPEED,1
D STUDIO,1
KIZTOPIA,1
KING KONG,1
SKG,1
MI STORE,1
BRANGUS,1
CLIO,1
SENDAI,1
NOTHING,1
GILI,1
LULULEMON,1
LOCK BOX,1
M.TIME SERVICE,1
JOCKEY,1
DKNY AND CK,1
TASTE,1
WATCH MANIA PROTECTION,1
QUICKLY PLUS,1
SKECHER,1
HAPPY JUICING,1
P&A MOBILE,1
ROCKING KIDS,1
ACTIKA,1
SOFUTO CREAM,1
MIDNIGHT KAITON,1
BAANMANGSAWIRAT,1
BUBBLE BEAR BRAIN STUDIO,1
YACCOMARICARD,1
CASEHARDEN,1
SF KAO KAI JIEOW,1
KHAOKAENG IN TOE,1
BAANBENJARONG PAI,1
MC,1
SUVARN,1
ยักษ์กระเพราถาด,1
SMITH&CO,1
PANKHAMHOM,1
POLO WORLD,1
APHISET MASSAGE,1
VELA CLINIC,1
MADAME N,1
MEMO,1
FIRST CLASS SCHOOL,1
CHACO,1
REGENT DIAMONDS,1
TAANG HOO,1
IPATT GADGET,1
PAUL FRANK,1
ANNE CLOTHING,1
SMELL LEMONGRASS,1
YOGTABKAPRAOYOKTAD,1
SWEET BORA,1
VARELA,1
HIYAKU,1
SANAN SEAFOOD,1
MODERN WAX,1
AIS BY PARTNER,1
SAMSUNG SERVICE,1
YONEX,1
EVEANDBOY,1
HONG BAO,1
YAMAHA MUSIC SHCOOL,1
THE GADGET,1
HAI DI LOA,1
KUTSUGEN BY TONKUTSU WAKO,1
RADI SUKI BANGKOK,1
YUZU HOUSE,1
TIAN MI MI BY ขนมเปี๊ยะเฮียบหลี,1
KA MOO BO RAN KA THU,1
KUAYJABMUSLIMARISA,1
SEIRYU SUSHI,1
LENSKART,1
KUAI TIAO RUEA WOIWAI,1
GUAYJABYUANBYPORUBON,1
EMILY'S,1
KHUYTEIWPEDLERDROD,1
MANIBLEU,1
PORNPETCH,1
TAK KRAPHRAO THAT YAK,1
KUAYTEAWTOMYAMKHAISAPCHACHU,1
KOGORO,1
DE BEAUTE PARIS,1
CHAROVA,1
KHAMOOLERDLOD,1
NITORI,1
LAMEOW,1
SKECHERS CITY STORE,1
SAKURA,1
LALIN,1
ALA TURCA TURKISH CUISINE,1
LIKE,1
ZWILLING J.A. HENCKELS,1
สยามอัมพวา,1
VV JEWELRY,1
I HOT,1
NUT MUSIC,1
LEE KITCHEN,1
D-VERSHOES,1
AMPHOR YIM,1
BATH&BODY WORKS / VICTORIA SECRET BEAUTY,1
AEAKALAK KUAY TIEW NEA TUN,1
SHUYI,1
KIN DI TAM SANG,1
BANDAI KIDZ&KITZ,1
FA GLASS,1
HAPPY PLUGS,1
TOP SHOES,1
SUSHI LIKE,1
AC PHONE,1
LEE COOPER,1
KHAO MOO KROB NAI KONG,1
DEKKAR,1
TAPTIM GOLD,1
AOM KA TUNG,1
I AM SWEET,1
MELROSE,1
MARITINI,1
ANNA LAUNDRY,1
SMART PLAY,1
JBL,1
ROIDMI,1
SHEER BLISS,1
MOMOKO,1
IT HUB,1
IPSA,1
BY MIN,1
CHEFU TOWN,1
MIRACLE COFFEE,1
LITTLE KIDS,1
LITTLE GLAM,1
IMAROIARHARNTAMSANG,1
MAE NUAM KHAOKAENG DON WAI,1
BKK BY BANANA,1
BENJAWAN GEMS,1
EMPEROR DIAMOND,1
LOCKIN,1
NUXE,1
MR.S.SERVICE,1
THE ESQUIRE BARBER,1
BIG MOBILE,1
MAE VAREE,1
AESOP,1
HAVAYANAS,1
KINLENN,1
ITEM SHOP,1
AKITA CHA,1
GOODY,1
HINANESE CHICKEN RICE,1
OHKAJHU,1
T-DENIM,1
ห้างทองเซ่งเฮงเยาวราช,1
THE G,1
OUTDOOR SPORT,1
DON'T TELL MAMA,1
CASETIFY,1
LUXURY LIVING,1
PAY,1
BUTA GAME,1
KHUN CHAI BERRY,1
BALENCIAGA,1
IT ALL FILM,1
UPRISE,1
CHANA,1
LEMO,1
ONI MILK & TEA,1
COLOR NAIL ART,1
CHUAN KITCHEN,1
KUMPOON คำพูน,1
PP.GAME & MOBILE,1
VERASU,1
YUU RELAX AND RELIEF,1
SKECHERS OUTLET STORE,1
FLOURISHZ,1
DR.TATTOF CLINIC,1
CROSS,1
ENDU FIX,1
HANG THONG SENG HENG YAOWARAT,1
LUMOS,1
GINGER FARM KITCHEN,1
CHAO DOI COFFEE & BUBBLE TEA,1
HERS DIAMOND,1
PANERAI,1
ANGLE HOUSE,1
TERACHAIKAIYANGBANGTAN,1
กายะจิต,1
KID'S EAT&PLAY,1
LOOKCHINSONGPEENONG,1
NEPP STUDIO,1
มันเพลิน BY STORY DOG,1
PINRIMKHONGYAMJEEDJAD,1
STEAKKHUNNAI,1
VINTEL,1
OYSHO,1
KHAOKHAMU SEN LUI,1
CO UNLIMITED,1
CATWALK BY KOH-TUN,1
KODAWARI,1
PLAYMONDO,1
KASARA SHUSHI,1
NAAIUANYENDTAFOSAOCHINGCHA,1
KOKORO GYOZA,1
KAE KAE SHOP,1
PRAAO,1
THE REPBLIC GRILL & RESTAURANT,1
SUNISA,1
POST MAIL BOX,1
D'ULTIMATE,1
WITH IT PREMIUM,1
HANG THONG MAE MALEE,1
TOHKAI YAKINIKU,1
THE BARREL,1
SIAM DRUG,1
WARUNYUPA JEWELRY,1
SUPER FIX,1
FRAMES N LENSES,1
LIVIA BY MONTIP,1
DUR KUAITIAO NUEA,1
WIREFAST,1
RUNGSANGKAOMUNKAI,1
PS. I LOVE YOU BY PIMARA,1
CHEAP AND CHIC,1
APPLE PHONE,1
THE CHARIS,1
VITAMIN,1
TSUJIRI,1
THE MARC JACOBS,1
YUU,1
MONOTONE,1
BB PHONE,1
ARIKHAOMOKKAI,1
ERGO INSURANCE,1
KRUADOARROTEE,1
HATYAI HALL,1
FULL FILM,1
FIN DAY,1
PENGPHOCHANA RACHAKUAYTEAWKHAUKAI,1
ฝ้ายส้มตำ,1
LELE JUICE BAR,1
KPLUS ACCESSORIES,1
JOLI SNOB,1
NOONA GARDEN,1
KOSE BEAUTY CENTER,1
DANDY COSMO,1
PROJECT HYPE BKK.,1
STRETCH ME BY LET'S RELAX,1
HARAJUKU CAFE CREPES,1
JINTA MUSIC,1
URTHE X CLASSY,1
DECK ME,1
KHAOKHAIJEAWSONGKHRUEANG,1
SINDOSEGI,1
ANYAMANEE,1
HENG HOI TOD CHAO LAY,1
EA7,1
CLOSE TO NATURE,1
INTER PHONE,1
BACKBONE,1
NAIYANA JEWELRY,1
RUMPHA,1
UBON COMPUTER,1
DALY BABY,1
SOOD'S,1
HANGTHONG AURORA,1
FASHION AGENCY,1
BANLOOKCHIN,1
SPORTY & RICH,1
CAMERA&LENS,1
KHIANG EM PHAI,1
JANE DEER DESSERT,1
CHOB CHA,1
HIDRATESPARK,1
RARDNANAIKIENG,1
HECHTER,1
DELAVIE,1
VIRGO COSMO MASSAGE & SPA,1
FIRST TIME SERVICE,1
MONITA,1
OUTLET BY CLUB 21,1
LOVELY NAIL BY RUTFHA,1
BOSTANTEN,1
MEEYAI STEAK ZEED,1
SEEK N KEEP CLUB,1
COSME DECORTE,1
31 ST,1
ELIXIR,1
MOM AND SIS THE SMOOTHIE CAFE,1
P.KAOPADPUTHONG,1
NIKO AND ...,1
TAKE A BAKE,1
GENTLE WOMEN,1
FOURSEASONS,1
THAIPOST OFFICE,1
HARMAN KARDON,1
KARMAKAMET,1
CSECURE,1
BOUQUET,1
DUTY BRAND,1
GOLF CHALENGE,1
KERRY EXPRESS,1
ALICE AND OLIVIA,1
ITEM BY JAYMART,1
G&J JEWELRY,1
TWG TEA,1
OMEGA,1
HACK BEAUTY LAB,1
JOY ROOM,1
SAOWAREE BOAT NOODLE,1
NITTAYA KAI YANG,1
SEREE JEWELRY,1
NARA BRANDNAME,1
BLUE CORNER,1
COZZY SAYIDO,1
ROYAL IVY REGATTA (RIR),1
SKECHERS OUTLET,1
FRIEND IT,1
KOREADONG THAILAND,1
GIANTLOOKCHINPLARABERD,1
OH DANG DANG,1
SF KHAICHIAO BY KHUN POM,1
U R THE,1
B GRILL STEAK,1
THONGYAOWARAT,1
RUANRUDEE THAI MASSAGE,1
EGG STORY,1
TBC CLINIC,1
TAMSANGKHUNAEK,1
LUZERN CLINIC,1
ST.DANIS,1
AMPERSAND,1
GRANEDA,1
SYN MUN KONG INSURANCE,1
THE MILLENNIUM CLINIC,1
NINTIES X SO.ON,1
SAMO ONDOH,1
DR.MARTENS,1
KANGNAM RESTAURANT,1
OHAYO,1
SUNSHINE,1
SF KHAWKAIJEAW BY KHUNPOM,1
SVN DATA,1
CROSSXROOM,1
TRIUMPH,1
NICHIWORLD,1
N PHONE,1
DARLING DOGS,1
NOKWEED MOBILE,1
MINI SCOOTER,1
HI CHA,1
SUPER MODEL,1
RAKHANG,1
CHINESE CERAMIC,1
DR. TAT OFF & HAIR REMOVAL LASER CLINIC,1
HANG THONG THAISOMBOON,1
ILY-I LIVE YOUNG,1
PENGUIN KNIGHT,1
NY.LA,1
EPS DESIGN,1
125,1
PUSAMALA,1
SK SNEAKER,1
MERREZCA,1
BERSHKA,1
HOKKAIDO CHEESE TART & SECRET RECIPE,1
วัวล้วนๆ ไม่มีควายผสม,1
PASTEL CREATIVE WEAR,1
LOVELY NAILS,1
BINGSU BAN BAN,1
PHOOM-JAI-THAI,1
KING MATH,1
CAPTHAI,1
GRISON,1
EYE DESIGN,1
NOTEBOOK FIX,1
BKK TELECOM,1
FOOTWORK NOIR,1
PANCAKE HOUSE,1
ART ART DESIGN,1
I ACCESSORIES,1
MR.KAO,1
MEETING PRINT,1
NI ANG ASAI KHRIM KHAI KHAENG TALAT PHLU,1
OUTDOOR BOTANICA,1
LOCKNLOCK,1
POP UP ENGLISH SCHOOL,1
MUCH MORE,1
APPLE HOUSE,1
MICHI,1
LITTLE SPIDER & FRIENDS,1
ROBOT WORLD,1
ROYDEEKAITODHATYAI,1
EVERSEOUL OT,1
SOFUTO,1
DOLCE&GABBANA,1
DEWANGHOUSE,1
OTORI YAKI,1
SIWILAI,1
SIAM MARKETING,1
NUT @ ROLL,1
SAMSAMUT MARKET,1
KUAWTEAWRUARAYONG,1
EMPORIO ARMANI,1
LAVILIER,1
GIAN FERRENTE,1
ZOJIRUSHI,1
PRAW SUGAR,1
MONTIP,1
แม่มี่ข้าวซอย,1
YODYOKO,1
ANGLE ZONE COLOR,1
KWAN NEW WAY SALON REVOLUTION,1
RAE CLINIC,1
PHONE FIX SERVICE,1
SHABU CHAIN,1
SANSOOK DENTAL CLINIC,1
MONTRA HEALTH & SPA,1
PEUNGNOIZ HYPE STREET,1
ARENA,1
OKAMI YAKINIKU BUFFET,1
RCN,1
ABSOLUTE YOGA,1
PADTHAIKHUNYING,1
DUANGDEE PHONE,1
TRUE SHOP,1
อันเกิม อันก๋า,1
I-STYLE,1
NEO CLINIC,1
SEPTEMBER10,1
HOITORDINTER,1
SLIM CONCEPT - MARIZA CLINIC,1
KAM'S ROAST GOOSE,1
KHAORONKAENGROI,1
NARA THAI CUISINE,1
MYEONGRYUN JINSA GALBI,1
TRUST CLINIC,1
TOPS CLUB,1
T2C CURRENCY EXCHANGE,1
CRAFT CODE ROBOTIC,1
นวดรื่นฤดี,1
ANRI BAKERY,1
ROSNIYOM,1
BILLIONAILS,1
CHAISIKARIN HERB HOUSE,1
CHOSITA,1
TOMDICK SHOP,1
HARUKI,1
GLOD ELEMENT,1
PONN CAFE,1
MAEKAISAENWAN,1
KARL BY KARL LAGERFELD,1
XIMI,1
KAOKLUKNAMPRIK MAEKANYA,1
RICH,1
REUANNAMPRIK,1
WHOO,1
TAIFA OPTIC,1
H.MILLION CLINIC,1
MELISSA JELLY DREAMS,1
MAGIC PHONE,1
PUNG SIAM,1
IM AROI KAPRAO THAD,1
FAST ACCOUNTING HUB,1
PETCHPLOY BRAND,1
YA MA DA YA BY SA KAI LAK,1
HOBS,1
CDS,1
KLANG KRUNG BOAT NOODLES,1
BRITISH INDIA,1
SEOUL STUDIO,1
THAILIFE,1
DR.KONG,1
ZHENG DOU GRAND,1
GLAMME CLINIC,1
KANOMWAAN TAMJAI,1
MISTER SERVICE,1
JADE GARDEN,1
PANCAKE CORNER,1
AJC JEWELRY CARE CENTER,1
JA GUEM SONG,1
SHAKARIKI 432,1
EVERYDAY KARMAKAMET,1
BELLE & SOFA,1
B PLAY,1
NXN TECHNOLOGY,1
STOREHOUSE ALL ABOUT LINEN,1
CONTAINER,1
KIDDOLAND BABY,1
NYX,1
FLOG,1
CATTIO YOGA,1
FLEURS EN PRAIRIE CAFE,1
UNDERDOME,1
MERGE,1
DOOKKI,1
HOLLYWOOD,1
RAM RUAY TELEPHONE,1
THE COFFEE CLUB,1
MONSTERS GAMESTATION,1
FRUZBERRY,1
TWELVE VICTORY EXCHANGE,1
ISSEY MIYAKE TIMEPIECE,1
IC BERLIN,1
LIGOR,1
TOYS FAMILY,1
RADNAWILAWAN,1
RUAY MONGKOL,1
HIT,1
POP MART,1
PASSION BREW CAFÉ,1
SERVICE,1
CHATHONG CREATED,1
WAGASHI ขนมญี่ปุ่น,1
CITRUS PHARMACY,1
SURANAREE PINGPONG,1
KANOMPIEER BUADENG,1
LOOKCHOOB,1
RADNA40PEE SANCHOAPHOSUA,1
PORNKASEM,1
TAM TEM TOH,1
KUAYTIEWTOMYUMPLASENYENTAFO,1
NICE PHONE,1
MIDNAIHAITON,1
KAMU KAMU,1
SPORT WORLD,1
PEEWARA CLINIC,1
T TIME SERVICE,1
SUKEE MAO WORLD LIK,1
CLADIA KLEID,1
MAGURO,1
CHAEMCHEUNNAMKAENGSAI,1
KRUNGSRI LOBBY,1
VITAMIN CLUB,1
BLUE GOLD ROASTER SPECIALTY,1
DISCOUNT OUTLET,1
KARAMENYA MASUMOTO,1
EVERYTHING,1
BANANA NAIL,1
SAFARI BY KIDZOOONA,1
RUST BRAND,1
KHROK THONG,1
CELI,1
141,1
EASTVILLE CINEPLEX,1
DIGILIFE,1
GOKHAI CANDY LAND,1
COLA,1
JISON CLINIC,1
MON LADY,1
LEICA,1
JACKY FITNESS,1
WARABIMOCHI KAMAKURA,1
@MEDICAL CLINIC BY หมอไก่,1
YEN TA FOUR NAI LERT,1
SIRADA & AU GEMS,1
CLUB 21 COLLECTION,1
LONGNIES,1
ECLAIRE,1
BORA BEAUTY SALON,1
BOSS TIME,1
TINY TOYS,1
BOOK FRIEND,1
DUNLOPILLO,1
LABOTTE,1
PLOY,1
B&W,1
BB TOYS,1
PANCAKE CAFÉ,1
JFOURT,1
CLUB MONACO,1
MILK KIDS' SALON&NAIL,1
YOTORI,1
SHITORI,1
MARIO MINARDI,1
ARHARNTAMSANGCHORNTONG,1
PRO.TIME,1
ROS'NIYOM,1
COMMA &ND,1
BEAR BEAR BEAR,1
JUICY COUTURE,1
KLEAN SQUARE,1
IMON FRUITS,1
SMILE POST,1
SKINN++ INTIMATE,1
VAVA FROZEN YOGURT,1
BOOMBOOM TOY KIDS,1
KHAS,1
SHEAFFER,1
WATCH & KEY CENTER SERVICE,1
KHANOMCHIN MAE NUAM DON WAI,1
JHAKKRAWAN SALON,1
MENG NUA NUA,1
POPCORN MAJOR,1
NONTICHAKANOMWAN,1
SKY TELECOM,1
FIRST CLASS,1
HAINHAN,1
AGENT PROVOCATEUR,1
