Community,Tenant
1,LYN AROUND
1,CROCS
1,CC-OO
1,YAYOI
1,PRADAP
1,GOVERNMENT SAVINGS BANK
1,POTATO CORNER
1,STARBUCKS COFFEE
1,BANGKOK BANK
1,KOI THE'
1,EYE CLASS
1,MK RESTAURANTS
1,KFC
1,JASPAL
1,DAISO
1,DAIRY QUEEN
1,TRUE
1,SABINA
1,ANELLO
1,TOPS MARKET
1,AUNTIE ANNE'S
1,MC JEANS
1,ADIDAS
1,FUJI JAPANESE RESTAURANT
1,PLAYBOY
1,CUTE PRESS
1,B2S
1,BODY GLOVE
1,GAGA
1,JUBILEE
1,ORIENTAL PRINCESS
1,VIVO
1,JIB
1,SIZZLER
1,AIIZ
1,SWENSEN'S
1,YVES ROCHER
1,BONCHON
1,KRUNG THAI BANK
1,SIAM COMMERCIAL BANK
1,SHABUSHI
1,TMBThanachart Bank
1,UNIQLO
1,SKECHERS
1,CHATRAMUE
1,WATSONS
1,AKA
1,AURORA
1,YUEDPAO
1,CAFÉ AMAZON
1,KASIKORN BANK
1,CPS CHAPS
1,AIS
1,GIORDANO
1,XIAOMI
1,HUAWEI
1,THE KLINIQUE
1,BOOTS
1,HACHIBAN RAMEN
1,JAY MART
1,LYN
1,BETTER VISION
1,ROSE JEWELRY STUDIO
1,LEVI'S
1,V SQUARE CLINIC
1,เตี๋ยวเรือเสาวรีย์
1,BEAUTY BUFFET
1,MIXUE
1,SUSHIRO
1,E-QUIP
1,TO B 1 HAIR STATION
1,MAESRIRUEN
1,OISHI EATERIUM
1,I CAN READ
1,QQ DESSERT
1,POWER BUY
1,S&P SIMPLY DELICIOUS
1,YODCHA
1,ROYAL IVY REGATTA
1,COWAY
1,MAKOTO
1,BIG CAMERA
1,MATH TALENT BY DR. YING
1,PORNKASEM CLINIC
1,BAOJI
1,SIAM RAMA III MUSIC SCHOOL
1,BAR-B-Q PLAZA
1,TMBTHANACHART BANK
1,SUKIYA
1,THE SKIN DOCTORS
1,TG FONE
1,SUPER RICH THAILAND
1,PROMISE
1,MUJI
1,เซ่งเฮง
1,ZAAB ELI
1,MONTIPA
1,FUKU MATCHA
1,I STUDIO
1,BAIMIANG
1,LAO YUAN
1,INLINGUA
1,COFFEE WORLD
1,WAGASHI
1,DTAC HALL
1,DAVIE JONES
1,UMAY PLUS
1,TAYWIN
1,MAJOR CINEPLEX
1,SE-ED BOOK CENTER
1,FOCUS
1,NITIPON CLINIC
1,SLIM UP CENTER
1,FOREVER FLAWLESS
1,CHESTER'S
1,ERGO
1,S&P
1,OFFICE MATE
1,OWNDAYS
1,GOVERNMENT HOUSING BANK
1,AURORA DIAMOND
1,BEAUTRIUM
1,MISTER DONUT
1,MR.JOLLY YOGURT
1,KAREN
1,AUTO1
1,APEX
1,SAMSUNG MOBILE
1,SAKULTHONG
1,FUN CITY
1,BLACK CANYON COFFEE
1,MINISO
1,FITNESS FIRST
1,A RAMEN
1,PRO CLEAN
1,WHITE STORY
1,WARAPORN SALAPAO
1,BANANA IT
1,POLI-CHEM
1,SANTA FE' STEAK HOUSE
1,OPPO
1,I CARE
1,FOODPATIO
1,BATA
1,KT OPTIC
1,MC DONALD'S
1,SUPERSPORTS
1,BOOST JUICE BAR
1,KRUNGSRI FIRST CHOICE
1,OLINO CREPE & TEA
1,LAOS YUAN
1,BANANA
1,NGG
1,THE NEXT
1,GANGNAM CLINIC
1,IT CITY
1,P&F
1,HAI DI LAO
1,CHER CLINIC
1,MUANG THAI LIFE ASSURANCE
1,TPARTNER
1,TOPS DAILY
1,MAGNANO
1,ARI FOOTBALL CONCEPT STORE
1,DARAKA DIAMOND
1,THE PIZZA COMPANY
1,MOSHI MOSHI
1,BANK OF AYUDHYA
1,EXPORT SHOP
1,WALL STREET ENGLISH
1,NINETIES DESIGN
1,SUPER SPORTS
1,DESTINY CLINIC
1,ADVICE
1,MIKI MIKI STORE
1,DIAMOND FOR YOU
1,AEON THANA SINSAP
1,BKK DIAMOND
1,LOOKER
1,YAMAZAKI
1,INTHANIN
1,DILAVIE
1,WACOAL
1,FOOD PARK
1,NITORI
1,WANG TOA KANG YAOWARAT GOLD
1,FOTO FILE
1,DTAC
1,UOB XPRESS
1,MOTTA
1,TADA
1,PAN CLINIC
1,EYELAB EXCLUSIVE
1,PASAYA
1,OISHI RAMEN
1,TAYWIN ORIGINAL STYLE
1,HIGH SCHOOL
1,YAOWARAJ KRUNGTHEP
1,D'ARTE
1,BEBE PHONE
1,REALME
1,BONITA EXCLUSIVE
1,BANANA MOBILE
1,PASSPORT
1,YAOWARAT KRUNGTHEP
1,BANGKOK GOLD
1,URTHE
1,P.A. PHONE
1,CURIOO KIDS
1,YOGURUTO
1,ARI FOOTBALL
1,GORILLA
1,WHANGTOHKANG
1,SANTA FE' STEAK
1,AMAXS
1,ORIGANI
1,CSC
1,LUXOPTIC
1,AGLAM
1,GANGNAM
1,TOPS
1,OISHI BIZTORO
1,SHANE ENGLISH SCHOOL
1,SUKISHI
1,LAO-YUAN
1,LEMONY
1,UOB EXPRESS
1,GUESS ACCESSORIES
1,MENG NUA NUA
1,RESTER
1,OASIS
1,AES CLASS CLINIC
1,PREM
1,LAEM CHAROEN SEAFOOD
1,FRESH ME
1,AI-CHA
1,TTB BANK
1,SENGHENG
1,ISTUDIO BY COPPERWIRED
1,HACHIBAN
1,JAYMART
1,CC DOUBLE O
1,MR. DIY
1,NITIPON
1,SAMSUNG
1,PAINT N PLAY
1,SHINKANZEN SUSHI
1,INFINITY MEDICAL CLINIC
1,PROCLEAN
1,THE TRAVEL STORE
1,IT GO
1,LUZERN CLINIC
1,YAMAHA MUSIC SCHOOL
1,THE VIRIYAH INSURANCE
1,KRUNGSRI
1,AIS SERENADE
1,FOODPARK
1,FOCUS STORE
1,MIHIMIHI
1,JUBILEE DIAMOND
1,KAMU TEA
1,GOVERNMENT CENTER
1,PUNTHAI COFFEE
1,STUDIO 7
1,KRUNGTHAI BANK
1,HANG THONG WHANG TOH KANG YAOWARAJ
1,ROBINSON DEPARTMENT STORE
1,HAIR D'CRAFT
1,KRUNGTHAI
1,SF CINEMA
1,KIDZOOONA
1,KANE
1,VITSAVA NOODLE
1,JETTS 24 HOURS FITNESS
1,BONAGE
1,PAY BY P.A.PHONE
1,SUKISHI CHARCOAL GRILL
1,OCHAYA
1,IT CITY MOBILE
1,CRUZY
1,MIKUCHA
1,NATURE
1,OKLS
1,BOOST JUICE
1,STARBUCKS
1,ZEN
1,JOJI SECRET YOUNG
1,KOI THÉ
1,YUMEYA
1,RATCHANON
1,ICECREAMMAHACHAI
1,TUTOR HOUSE
1,MERIDA CLINIC
1,BANANA NAIL
1,FUJI
1,G SHOCK
1,JAY MART IOT
1,SEECHA
1,ONGSA MOBILE
1,NOBICHA
1,TUMRUBTHAI
1,ERGO INSURANCE
1,BLOOMING HOUSE
1,PET LOVERS CENTRE
1,T-KITCHEN
1,NOSE TEA
1,CHILLING STYLE
1,LASSIE DECOR
1,MIKI MIKI
1,7TH STREET
1,SOURI
1,KUAYTEAWRERVOYVAY
1,MOMO PARADISE
1,VOCALIZE
1,BABIES GENIUS
1,I SMART
1,SLC CLINIC
1,ห้างทองหวังโต๊ะกังเยาวราช
1,MODERN AIR
1,SUPERRICH THAILAND
1,PEWDEE CLINIC
1,QUALITY KIDS
1,HANKY HOUSE
1,FOOD PATIO
1,CHOI'S TAEKWONDO
1,BAN PAI MY PRINTING
1,V2LAND
1,REAL ME
1,LAB X
1,WAKASHI
1,PLAIN PLAIN BY NOI
1,I CONNECT
1,KAWAI MUSIC SCHOOL
1,CLAY WORKS
1,EAT AM ARE
1,NOOYOO
1,HAPPY PIG
1,ORANGINAL
1,NEO SUKI
1,NAIL HOME & SPA
1,MR.D.I.Y.
1,Future Living
1,ลาวญวน
1,CLICKROBOT
1,THONGSUAY
1,TONG GARDEN
1,P.A.PHONE
1,TG EXPRESS
1,TUMRABTHAI
1,SATO DON
1,WASHI
1,KHAMOOJAKKAPAD
1,CHRISTIAN DIOR
1,MR. SHAKE
1,SPIN
1,NAI IN
1,DR.PONG
1,ก๋วยเตี๋ยวเรือพระนคร
1,BOOST JUICE BARS
1,HARBORLAND
1,ZHANG LIANG
1,MAMA BABY
1,EYE LEVEL
1,LOOKCHINTHIP
1,SOUND CHECK KARAOKE
1,JOYLIDAY PLUS
1,U DIAMOND
1,3BB
1,OPPO SERVICE
1,G-SHOCK
1,KANSEI SUSHI
1,SAVE DRUG
1,URANUS CLINIC
1,JIAN CHA Tea
1,KPN
1,ไปรษณีย์ไทย
1,WONDER PHOTO SHOP
1,UOB BANK
1,BARON'S BAR BY THE CHEESE BARON
1,FUN STATION
1,ZELYN
1,ROBOTHINK
1,AKIMITSU TENDON
1,WATCH STATION
1,KEDMA
1,RUE ROYALE
1,JIM THOMPSON
1,RARDNALUNGHOITIENLAO
1,CHERILON
1,APPLE HOUSE
1,CURIOO
1,UOB Xpress
1,THE ICON
1,GIANTLOOKCHINPLARABERD
1,JINGJAI MARKET
1,LEE COOPER
1,TUCK PAD KAPHRAO TRAY GIANT
1,KOREADONG THAILAND
1,CHESTER'S GRILL
1,FOCUS SHOP
1,MIYAZAKI
1,ZOOM CAMERA
1,HOOPS STATION
1,YAMADA
1,PORTLAND
1,AEON
1,PADTHAIHOYTODSIAMUMPAVA
1,COS MARCHE
1,NT
1,PHUNGNOI BAKERY
1,SUSHI SEKI
1,SUSHI RICHA
1,LUKFOOK JEWELLERY
1,ZAPLAI
1,SOUTHERN COFFEE
1,BILLIONAIRE
1,TTB Bank
1,CAFE AMAZON
1,RUENNAMPRIK
1,KIDS ZONE
1,PRANAKORN NOODLE
1,KHAO KHAICHIAO SONGKHRUEANG
1,KUMON
1,KOI THE
1,HANGTHONG WHANG TOH KANG YAOWARAJ
1,TMB Thanachart Bank
1,UMM!..MILK
1,TOKUYO
1,KOI Thé
1,V SQUARE
1,JIENG FISH BALL
1,COLOUR NAIL
1,PARIN GEMS
1,Luxury หมอนโรงแรม 6 ดาว
1,PLOYRADA CLINIC
1,O.W.L.
1,KUAY TIEW JEANG LOOK CHIN PLA
1,BERRER
1,C&D
1,NB NICE BODY
1,SKINNY SPOON
1,NGG JEWELLERY
1,BRAIN SCHOOL
1,GOVERNMENT SERVICE POINT
1,BIG C
1,ZEIN
1,HIT GALLERIA
1,EARDOTS
1,CPS COFFEE
1,SFX CINEMA
1,ORIENTAL JEWELRY & GOLD
1,OPATRA
1,T.TIME
1,SUSHI EXPRESS
1,PRIMA
1,K LOVE PHONE
1,TAMNAK THONG 5
1,ROBOROCK
1,THE LITTLE GYM
1,BAAN CAKE BY NUNAN
1,S&P BAKERY
1,NAIL IT
1,THONG SMITH
1,MOPLAY
1,JINTA MUSIC
1,A MONEY
1,SUGAR FAMILY
1,SUPER RICH
1,B2S Think Space
1,LIVIA
1,SKYLUCK
1,VERRA
1,PALFISH CLASS
1,ห้างทองเยาวราชกรุงเทพ
1,RUBBER SOUL
1,GLOBAL ART
1,CHIVAROME
1,CHAKAI
1,KWANG THONG SPECIAL
1,KHIANG
1,HONOR
1,THE SIS CLINIC
1,ช่างคอมใจดี
1,MANDARIN
1,ELEMENT 72
1,ATM TEA BAR
1,Bowcake
1,THE HAIR CARE'S
1,KUAI CHAP SAM THUM
1,MOMIZU HOUSE
1,CITY CHAIN
1,PANKAN
1,SEACRET
1,COOL LIVING
1,TOKYO OPTIC
1,MAITREECHIT
1,BATH & BODY WORKS
1,AT BED
1,THE VOLCANO
1,HAIR D' CRAFT
1,YAMADAYA
1,I SERVICE
1,SQUEEZE BY TIPCO
1,SANTAFE'
1,TIME ZONE
1,BUJEONG CLINIC
1,TOT
1,LUXURY
1,ECC LANGUAGE INSTITUTE
1,JAYMART IOT
1,SIAMAUMPAWA
1,B SA B
1,CHAPAYOM
1,PHONPASSTRA
1,HI-SHIELD
1,COFFEE TODAY
1,OISHI BUFFET
1,KIDDY LAND
1,NIKUYA
1,RAJDHEVEE CLINIC
1,GOVERNMENT COUNTER SERVICE
1,PLAY SOUND
1,SHANE ENGLISH SCHOOL THAILAND
1,KPN MUSIC ACADEMY
1,HOUSE OF SHOES BY HEAVY SHOES
1,FoodPatio
1,GRAZIOSA DIAMOND
1,KUMO CREATIVE STUDIO BY CLAYWORKS
1,BLUE CORNER
1,BUN
1,ASUS
1,THIRTY LOVE
1,KIKI BABY
1,CHONGDEE TEAHOUSE
1,BEARHOUSE
1,ROOKIE USA
1,CENTRAL DEPARTMENTSTORE
1,CYBORG KONG
1,SCOTT JUMP
1,VIVO SERVICE
1,GLO
1,STRAWBERRY CLUB
1,X=ACT
1,DEVES INSURANCE
1,GLOBLEX SECURITIES
1,GINTELL
1,MAMIL
1,EYE CLASS BY TOP CHAROEN
1,MANCHESTER
1,I SHOP
1,EASY MONEY SHOP
1,PROMAN
1,CANTEEN
1,PASSPORT CENTER
1,PERFECT 10
1,MELODY KARAOKE
1,BLACK PEARL
1,SUPERB BRANDNAME
1,GLAMOR
1,THAI DENMARK
1,SE-ED
1,LUCKY MILK
1,GELATE
1,DOSH (DESCENDANT OF SUPERHEROES)
1,CURIOOKIDS
1,SHICHIDA
1,IT BY IT CITY
1,BLANC EYELASH SALON TOKYO
1,KAITHONG
1,NIKE FACTORY STORE
1,TALIA
1,ASA SERVICE
1,PROVINCIAL ELECTRICITY AUTHORITY
1,ELIZABETH
1,AIS DIGITAL ARENA
1,ISTUDIO BY SPVI
1,MEZZO
1,KOMONOYA
1,KHRUA PHRIK SOT
1,STRAW FACTORY
1,ROYAL PROJECT FOUNDATION
1,AMERICAN EAGLE OUTFITTERS
1,ROYAL SPA
1,OCEAN HEROES
1,realme
1,TUM MOUR
1,KRUNGSRI FRIST CHOICE
1,POWERBUY
1,OWL CHA
1,BAR B Q PLAZA
1,LE COQ SPORTIF
1,COPEL
1,SAINT ETOILE
1,TOPS FOOD HALL
1,SUSHiPLUS
1,Robinson Department Store
1,ADIDAS FACTORY OUTLET
1,LEE WRANGLER
1,Rip Curl
1,FitFlop
1,Bonjour
1,UOB
1,SANTA FE'
1,PlaySound
1,Mo-Mo-Paradise
1,Joyliday
1,MANTENDO
0,VIKTOR&ROLF
0,DIESEL
0,ADIDAS NEO CREDIT
0,RAVIPA
0,TORY BURCH
0,BE ME
0,KANEBO
0,JUICY COUTURE
0,LIVING DOLLS
0,CENTRAL LOVE THE EARTH
0,GQ
0,WITH IT
0,DYSON
0,VERSACE
0,POLO CLUB
0,SKII
0,MIDO
0,CHALACHOL
0,NIKE
0,H&M
0,ONITSUKA TIGER
0,SISLEY
0,ALBEDO
0,DIOR
0,ESP
0,YSL
0,ELLE HOMME
0,LAURA MERCIER
0,DAKS
0,OOFOS
0,JOHN HENRY
0,STACCATO
0,AFTER YOU
0,SUNGLASS HUT
0,JACOB
0,CLINIQUE
0,STJAMES
0,NEW BALANCE
0,CRUISE BY CHRISTIANA
0,PRETTY FIT
0,TTN
0,TITANIA
0,PRADA
0,ALL ABOUT YOU
0,NAUTICA
0,TIMBERLAND
0,HYBRID
0,ALDO
0,PRIMA GOLD
0,CHANEL
0,ORIGINS
0,HEDGREN
0,MONARCH
0,BURBERRY
0,MUGLER
0,ALUMNUS WOMEN
0,HARUKI
0,WRANGLER
0,THE NORTH FACE
0,LUNA
0,SKECHERS FOAMIES
0,VANS
0,GIORGIO ARMANI
0,VOLCOM
0,BEVERLY HILLS POLO CLUB
0,BVLGARI
0,TOMMY HILFIGER
0,COMFORT ZONE
0,POLICE
0,PRIMA DIAMOND
0,CLARINS
0,OHAYO
0,G-SHOCK CASIO
0,KIATNAKIN BANK
0,NIYOM JEANS
0,ARTY
0,LTD
0,JOLI SNOB
0,ELEMENTS
0,SULWHASOO
0,EVISU GENES
0,LANVIN
0,ANNE KLEIN
0,ECCO
0,QUIKSILVER
0,MOSHI
0,DORTMUEND
0,VILLAINS SF
0,HAAGEN-DAZS
0,BATH&BODY WORKS
0,JONES' SALAD
0,MONTBLANC
0,EXPRESSIONS
0,MUSIC COLLECTION
0,JIMMY CHOO
0,LESPORTSAC
0,RIP CURL
0,AZZARO
0,BOSSINI
0,AMOR
0,WET BRUSH
0,JOCKEY
0,GARMIN
0,NESPRESSO
0,CLAUDIA KLEID
0,GOLD MASTER
0,NYLA
0,LANEIGE
0,CRAZY STEP
0,NARCISO RODRIGUEZ
0,GLASSAHOLIC
0,SAFETY JOGGER
0,ISSEY MIYAKE
0,GUCCI
0,SIRENA
0,DERMALOGICA
0,KARDINA ANDRIA
0,LUMINOX
0,YUM SAAP
0,DANDY COSMO
0,TOPS CARE
0,PACO RABANNE
0,DANIEL WELLINGTON
0,BOBBI BROWN
0,BANGKOK GOLDS
0,MARKS & SPENCER
0,DELSEY
0,THULE
0,SARAMANDA
0,EASTMAN
0,LEVIS
0,MOSCHINO
0,JAY CHIU
0,SEPHORA
0,TOCCO TOSCANO
0,ALUMNUS
0,AMERICAN TOURISTER
0,KOSE
0,COACH
0,JEAN PAUL GAULTIER
0,ACTIKA
0,LAMER
0,BRATPACK
0,GIAN FERRENTE
0,MILAROSE
0,CARSON
0,G2000
0,SFERA
0,DEFRY 01
0,MILLE
0,LOJEL
0,EVERSINCE
0,LOCCITANE
0,MASERATI
0,SUIT SELECT
0,THE MARC JACOBS
0,REVLON
0,NEW ERA
0,DAVIDOFF
0,MAC
0,ESTEE LAUDER
0,CHAMPION
0,ELLE
0,IPSA
0,DOLCE GABBANA
0,THAMES
0,KAWAI
0,FREDERIQUE CONSTANT
0,CALVIN KLEIN
0,JACK RUSSEL
0,CITIZEN
0,LEE
0,CASIO
0,HOMEBOY
0,HEAVY
0,GQ UNDERWEAR
0,PAUL FRANK
0,ROXY
0,MANWOOD
0,DELIVERY FEE
0,TREND
0,LONGINES
0,HUSH PUPPIES
0,CLAUDIA KLEID WEEKEND
0,SANTA BARBARA
0,PASO
0,ESPADA
0,REEBOK
0,SERVICE
0,ARROW
0,ALBA
0,LILY ROSE
0,THREE
0,CHOLE
0,TIME DECO
0,FERRAGAMO
0,MINE
0,LOLITA
0,ANDREW BROWN
0,PIERRE CARDIN
0,EYE LAB EXCLUSIVE
0,SAMSONITE RED
0,EP
0,SALAD FACTORY
0,LIYA
0,USPOLO ASSN
0,SAMSONITE
0,CUT & CURL
0,EVERBEST
0,CHRISTIANA
0,SOLITAIRE
0,SCHOLL
0,NATURALIZER
0,RADO
0,CLAUDIA KLEID BLACK&WHITE
0,LOUIS FONTAINE
0,GQ SOCKS
0,MERREZ'CA
0,LUIGI BATANI
0,GUESS
0,GOLD MASTER ELECTRO
0,JOURNAL
0,LANCOME
0,WAKINGBEE
0,COVERMARK
0,CENTRAL HOME
0,GRISON
0,CHABUTON
0,SHEER BLISS
0,PAZZION
0,UNDER ARMOUR
0,DAPPER
0,GAZE
0,MLB
0,POLOTRAVEL CLUB
0,PUMA
0,VICTORIA SECRET BEAUTY
0,DEVY
0,CAROLINA HERRERA
0,SMILEYHOUND
0,FILA
0,BEVERLY HILLS
0,ORIENT
0,RALPH LAUREN
0,POLO WORLD
0,HUGO BOSS
0,KAMIMURA
0,IT'S SKIN
0,JOHN LANGFORD
0,GUY LAROCHE
0,SIMPLICITY
0,OPTICAL 88
0,FOOTWEAR BY DAPPER
0,BREADTALK
0,SEIKO
0,ESPRIT
0,HOLSTER
0,SHISEIDO
0,LUCKY
0,VALENTINO
0,BSC COSMETOLOGY
0,GOODY
0,KHAKI BROS
0,BANDAI
0,BP WORLD
0,PIZZA HUT
0,GIVENCHY
0,MIU MIU
0,EMPORIO ARMANI
0,CK
0,BSC
0,AIAOON
0,YOU&I SUKI
0,DICKIES
0,NARS
0,FRED PERRY
0,BOSS
0,ORIS
0,NIXON
0,BEAUTY UNIQUE
0,DANIEL HECHTER
0,KRUNGSRI BANK
0,VICTORINOX
0,TRIUMPH
0,JO MALONE
0,LEGO
0,TIMEX
0,HAMILTON
0,CAGGIONI
0,MAURICE LACROIX
0,SUBWAY
0,MICHAEL KORS
0,GOPRO
0,PAUL SMITH
0,VALUE PLUS CURRENCY EXCHANGE
0,HERMES
0,KEEN
0,BIOTHERM
0,LA PRAIRIE
0,DC
0,HOURGLASS
0,GEOX
0,FOSSIL
0,AX ARMANI EXCHANGE
0,OUTDOOR BOTANICA BY ELEMENT 72
0,AVEDA
0,KIEHL'S
0,MAE ME KWAO SOI
0,TOPS CLUB
0,MCM
0,KENNETH COLE
0,TISSOT
0,TOM FORD BEAUTY
0,TOMS
0,JAMBA JUICE
0,MELISSA CLUBE
0,NICHIWORLD
0,KENZO
0,CHICCO
0,BB BEYOND D-BOX
0,POP MART
0,IKEA
2,HAVAIANAS
2,OPTIC SQUARE
2,KATSUYA
2,KRISPY KREME
2,INNISFREE
2,KIPLING
2,THAI CREDIT BANK
2,KYO ROLL EN
2,SHU
2,LACOSTE
2,REMAX
2,ON THE TABLE
2,CHARLES & KEITH
2,ASICS
2,CATH KIDSTON
2,OOTOYA
2,PANDORA
2,LAEMCHAROEN SEAFOOD
2,POMELO
2,CENTRAL DEPARTMENT STORE
2,CONVERSE
2,COCO ICHIBANYA
2,TEVA
2,COLD STONE CREAMERY
2,BOON TONG KEE
2,THE FACE SHOP
2,JELLY BUNNY
2,FITFLOP
2,YOSHINOYA
2,BAKE A WISH
2,BANGKOK INSURANCE
2,PEPPER LUNCH
2,REGENT DIAMOND
2,PAN KHAM HOM
2,BUTTERFLY THAI PERFUME
2,GENTLEWOMAN
2,SUKISHI KOREAN CHARCOAL GRILL
2,LAND AND HOUSE BANK
2,ROMRAWIN CLINIC
2,KARMART
2,OSIM
2,PENG GEE
2,SAMSUNG SERVICE
2,FUTURE LIVING
2,DAKASI MILKTEA
2,ERGOTREND
2,TISCO BANK
2,AU BON PAIN
2,QUINN
2,ZEN JAPANESE RESTAURANT
2,HONAJI RAMEN
2,PANG SIAM
2,PAOPA
2,SSAMTHING TOGETHER
2,MISTY MYNX
2,LAGRACE CLINIC
2,MAGO FOOTWEAR
2,CURLY CUT
2,PLOEN POONG
2,YOUR FACE
2,TELEWIZ
2,DOCTOR LIFE
2,DOLCE GELATINO
2,HUA SENG HONG
2,SWAROVSKI
2,LUXEQUEEN
2,SPEED GAMING
2,OKII KATSU
2,KHUNPOOM
2,HAIDILAO
2,ERIC KAYSER
2,DR.KONG
2,A'MAZE
2,UNITED OVERSEAS BANK
2,KUMPOON
2,MAE THONGSUK
2,MEZZO COFFEE
2,IPPUDO
2,TENJO
2,LENS & TIME
2,TENYA
2,SUSHI HIRO
2,KOFUKU
2,BOTANIFIQUE
2,.LIFE
2,NAIL CLUB
2,KHUN CHAI BERRY
2,MO-MO-PARADISE
2,Romrawin Clinic
2,MOLTO
2,KMD
2,SABOTEN
2,KOBE STEAK HOUSE
2,PACAMARA
2,SAINT ETOILE BY YAMAZAKI
2,GATEAUX HOUSE
2,MAKALIN CLINIC
2,ROVING FOX
2,SAINT CROISSANT
2,THAILAND POST OFFICE
2,ADORE
2,MATSUMOTO KIYOSHI
2,K.ACCESSORIES
2,KHANOM JEEN BANGKOK
2,DREAME
2,DOLLAR BOUTIQUE
2,PHATARAMANEE
2,PET 'N ME
2,AQUA COSMETICS
2,SAEMAEUL
2,MOS BURGER
2,BYD
2,SIAM LASER CLINIC
2,DOUBLE GOOSE
2,ARENA
2,REV RUNNR
2,CIMB THAI BANK
2,KAGONOYA
2,EARW THAI SUKI BORAN
2,TIEWRUASAOWAREE
2,SPAGHETTI FACTORY
2,ANTA
2,BANDAI KIDZ&KITZ
2,THE BODY SHOP
2,BONJOUR
2,DUCATI
2,STRACK YUM
2,LITTLE REDFOX
2,NOODLE GARDEN
2,LABX
2,BANGKOK TIME CENTER
2,MANGO
2,KEDS
2,BIRKENSTOCK
2,COLUMBIA
2,YOGURT LAND
2,MADAME HENG
2,KUB KAO KUB PLA
2,SUSHI DEN
2,NICE TWO MEAT U
2,MA CHANDELLE
2,RED SUN
2,ICARE
2,DRAGON X
2,QQ HEALTHY DESSERT
2,NF PHONE
2,TRUE SPHERE
2,VIRGIN ACTIVE HEALTH CLUBS
2,KUAYJUBSAMTOOM
2,KHONG KWAN CLINIC
2,ZLEEP SLEEP
2,KRUNG THAI BANK CARD TOUCH
2,MARIMEKKO
2,TP TEA
2,THE ALLEY
2,BOSE
2,KIKO MILANO
2,YUGEN
2,ANASTASIA MIARAY
2,ROYAL IVY REGATTA NEW ENGLAND
2,LEGO CERTIFIED STORE
2,NOO YOO
2,ZARA
2,BABYBOTTE
2,ELEPH
2,TUMI
2,POLO RALPH LAUREN
2,COCCINELLE
2,KATE SPADE
2,YAKINIKU LIKE
2,LIVERPOOL
2,AVOCADO
2,BATH AND BODY WORKS
2,Nose Tea
2,KOOMI
2,PRONTO
2,ASIA BOOKS
2,DJI
2,ACE
2,BUTTER SCOTCH
2,U CARE
2,ADIDAS ORIGINAL
2,ANANTA
2,KA-NOM
2,AKALIKO
2,KHAHMUSENTHLUY
2,VOCALIZE SINGING ACADEMY
2,PANCAKE CAFÉ
2,THE ADJECTIVE
2,BANILA CO.
2,SILHOUETTE
2,JURLIQUE
2,KISS ME DOLL
2,TAKEO KIKUCHI
2,WATTS
2,HARNN
2,GUSS DAMN GOOD
2,SUPERDRY
2,BATH&BLOOM
2,ATMOS
2,EYE LAB
2,LETAO
2,CAMPER
2,YENLY YOURS
2,MEMORIZE BROWNIE
2,SWATCH
2,KARL LAGERFELD
2,GOOD GOODS
2,CENTRAL FOOD HALL
2,TAG HEUER
2,DIN TAI FUNG
2,DE PRECO
2,CARNIVAL
2,FURLA
2,PENDULUM
2,O&B
2,LUSH FRESH HANDMADE COSMETICS
2,GNC
2,JOOM ZAP HUT/BAR B Q
2,SUUNTO
2,MARKS&SPENCER
2,HONMONO
2,Riverside Mala
2,CHEEVIT CHEEVA
2,DAKGALBI
2,ABC COOKING STUDIO
2,BOOMERANG
2,MR.SHAKE
2,ON RUNNING
2,Sushiro
2,NARAYA
2,TOKYO SWEETS
2,REUNROM
2,PULL & BEAR
2,TWENTY SEVEN
2,BAAN YING
2,TEDDY HOUSE
2,SUPERRICH
2,CHABA NAILS & BROWS
2,ONCE UPON A TIME
2,LH BANK
2,MISTER EYES
2,SHOE STORY
2,CHATERAISE
2,EASY BUDDY
2,SAYAM KINRI
2,MX CAKES & BAKERY
2,MODULO
2,FOUR SEASONS
2,SALOMON
2,ELEMIS
2,MK LIVE
2,JAPARA
2,Bratpack
2,Karun Thai Tea
2,RNG
2,IROHA RAMEN
2,The Klinique
2,Wash Me
2,Toms
2,Boost Juice Bars
2,Kagonoya
2,MLAB
2,BFF
2,SOS
2,TAG Heuer
2,GUERLAIN
2,Power Buy
2,TIMBUK2
2,LAMY
2,MONOWHEEL
2,BATH&BODY WORK
2,Bangkok Insurance
2,LIKE DENTAL CLINIC
2,Molto
2,RITUALS
2,Bearhouse
2,Shabushi
2,Aura Bangkok Clinic
2,HASUL
2,The Pizza Company
3,Ootoya
3,Katsuya
3,Mister Donut
3,Pepper Lunch
3,Auntie Anne's
3,Salad Factory
